date,y,m,d,dow,trading
1/1/2012,2012,1,1,Sun,0
1/2/2012,2012,1,2,Mon,1
1/3/2012,2012,1,3,Tue,1
1/4/2012,2012,1,4,Wed,1
1/5/2012,2012,1,5,Thu,1
1/6/2012,2012,1,6,Fri,1
1/7/2012,2012,1,7,Sat,0
1/8/2012,2012,1,8,Sun,0
1/9/2012,2012,1,9,Mon,1
1/10/2012,2012,1,10,Tue,1
1/11/2012,2012,1,11,Wed,1
1/12/2012,2012,1,12,Thu,1
1/13/2012,2012,1,13,Fri,1
1/14/2012,2012,1,14,Sat,0
1/15/2012,2012,1,15,Sun,0
1/16/2012,2012,1,16,Mon,0
1/17/2012,2012,1,17,Tue,1
1/18/2012,2012,1,18,Wed,1
1/19/2012,2012,1,19,Thu,1
1/20/2012,2012,1,20,Fri,1
1/21/2012,2012,1,21,Sat,0
1/22/2012,2012,1,22,Sun,0
1/23/2012,2012,1,23,Mon,1
1/24/2012,2012,1,24,Tue,1
1/25/2012,2012,1,25,Wed,1
1/26/2012,2012,1,26,Thu,1
1/27/2012,2012,1,27,Fri,1
1/28/2012,2012,1,28,Sat,0
1/29/2012,2012,1,29,Sun,0
1/30/2012,2012,1,30,Mon,1
1/31/2012,2012,1,31,Tue,1
2/1/2012,2012,2,1,Wed,1
2/2/2012,2012,2,2,Thu,1
2/3/2012,2012,2,3,Fri,1
2/4/2012,2012,2,4,Sat,0
2/5/2012,2012,2,5,Sun,0
2/6/2012,2012,2,6,Mon,1
2/7/2012,2012,2,7,Tue,1
2/8/2012,2012,2,8,Wed,1
2/9/2012,2012,2,9,Thu,1
2/10/2012,2012,2,10,Fri,1
2/11/2012,2012,2,11,Sat,0
2/12/2012,2012,2,12,Sun,0
2/13/2012,2012,2,13,Mon,1
2/14/2012,2012,2,14,Tue,1
2/15/2012,2012,2,15,Wed,1
2/16/2012,2012,2,16,Thu,1
2/17/2012,2012,2,17,Fri,1
2/18/2012,2012,2,18,Sat,0
2/19/2012,2012,2,19,Sun,0
2/20/2012,2012,2,20,Mon,0
2/21/2012,2012,2,21,Tue,1
2/22/2012,2012,2,22,Wed,1
2/23/2012,2012,2,23,Thu,1
2/24/2012,2012,2,24,Fri,1
2/25/2012,2012,2,25,Sat,0
2/26/2012,2012,2,26,Sun,0
2/27/2012,2012,2,27,Mon,1
2/28/2012,2012,2,28,Tue,1
2/29/2012,2012,2,29,Wed,1
3/1/2012,2012,3,1,Thu,1
3/2/2012,2012,3,2,Fri,1
3/3/2012,2012,3,3,Sat,0
3/4/2012,2012,3,4,Sun,0
3/5/2012,2012,3,5,Mon,1
3/6/2012,2012,3,6,Tue,1
3/7/2012,2012,3,7,Wed,1
3/8/2012,2012,3,8,Thu,1
3/9/2012,2012,3,9,Fri,1
3/10/2012,2012,3,10,Sat,0
3/11/2012,2012,3,11,Sun,0
3/12/2012,2012,3,12,Mon,1
3/13/2012,2012,3,13,Tue,1
3/14/2012,2012,3,14,Wed,1
3/15/2012,2012,3,15,Thu,1
3/16/2012,2012,3,16,Fri,1
3/17/2012,2012,3,17,Sat,0
3/18/2012,2012,3,18,Sun,0
3/19/2012,2012,3,19,Mon,1
3/20/2012,2012,3,20,Tue,1
3/21/2012,2012,3,21,Wed,1
3/22/2012,2012,3,22,Thu,1
3/23/2012,2012,3,23,Fri,1
3/24/2012,2012,3,24,Sat,0
3/25/2012,2012,3,25,Sun,0
3/26/2012,2012,3,26,Mon,1
3/27/2012,2012,3,27,Tue,1
3/28/2012,2012,3,28,Wed,1
3/29/2012,2012,3,29,Thu,1
3/30/2012,2012,3,30,Fri,1
3/31/2012,2012,3,31,Sat,0
4/1/2012,2012,4,1,Sun,0
4/2/2012,2012,4,2,Mon,1
4/3/2012,2012,4,3,Tue,1
4/4/2012,2012,4,4,Wed,1
4/5/2012,2012,4,5,Thu,1
4/6/2012,2012,4,6,Fri,0
4/7/2012,2012,4,7,Sat,0
4/8/2012,2012,4,8,Sun,0
4/9/2012,2012,4,9,Mon,1
4/10/2012,2012,4,10,Tue,1
4/11/2012,2012,4,11,Wed,1
4/12/2012,2012,4,12,Thu,1
4/13/2012,2012,4,13,Fri,1
4/14/2012,2012,4,14,Sat,0
4/15/2012,2012,4,15,Sun,0
4/16/2012,2012,4,16,Mon,1
4/17/2012,2012,4,17,Tue,1
4/18/2012,2012,4,18,Wed,1
4/19/2012,2012,4,19,Thu,1
4/20/2012,2012,4,20,Fri,1
4/21/2012,2012,4,21,Sat,0
4/22/2012,2012,4,22,Sun,0
4/23/2012,2012,4,23,Mon,1
4/24/2012,2012,4,24,Tue,1
4/25/2012,2012,4,25,Wed,1
4/26/2012,2012,4,26,Thu,1
4/27/2012,2012,4,27,Fri,1
4/28/2012,2012,4,28,Sat,0
4/29/2012,2012,4,29,Sun,0
4/30/2012,2012,4,30,Mon,1
5/1/2012,2012,5,1,Tue,1
5/2/2012,2012,5,2,Wed,1
5/3/2012,2012,5,3,Thu,1
5/4/2012,2012,5,4,Fri,1
5/5/2012,2012,5,5,Sat,0
5/6/2012,2012,5,6,Sun,0
5/7/2012,2012,5,7,Mon,1
5/8/2012,2012,5,8,Tue,1
5/9/2012,2012,5,9,Wed,1
5/10/2012,2012,5,10,Thu,1
5/11/2012,2012,5,11,Fri,1
5/12/2012,2012,5,12,Sat,0
5/13/2012,2012,5,13,Sun,0
5/14/2012,2012,5,14,Mon,1
5/15/2012,2012,5,15,Tue,1
5/16/2012,2012,5,16,Wed,1
5/17/2012,2012,5,17,Thu,1
5/18/2012,2012,5,18,Fri,1
5/19/2012,2012,5,19,Sat,0
5/20/2012,2012,5,20,Sun,0
5/21/2012,2012,5,21,Mon,1
5/22/2012,2012,5,22,Tue,1
5/23/2012,2012,5,23,Wed,1
5/24/2012,2012,5,24,Thu,1
5/25/2012,2012,5,25,Fri,1
5/26/2012,2012,5,26,Sat,0
5/27/2012,2012,5,27,Sun,0
5/28/2012,2012,5,28,Mon,0
5/29/2012,2012,5,29,Tue,1
5/30/2012,2012,5,30,Wed,1
5/31/2012,2012,5,31,Thu,1
6/1/2012,2012,6,1,Fri,1
6/2/2012,2012,6,2,Sat,0
6/3/2012,2012,6,3,Sun,0
6/4/2012,2012,6,4,Mon,1
6/5/2012,2012,6,5,Tue,1
6/6/2012,2012,6,6,Wed,1
6/7/2012,2012,6,7,Thu,1
6/8/2012,2012,6,8,Fri,1
6/9/2012,2012,6,9,Sat,0
6/10/2012,2012,6,10,Sun,0
6/11/2012,2012,6,11,Mon,1
6/12/2012,2012,6,12,Tue,1
6/13/2012,2012,6,13,Wed,1
6/14/2012,2012,6,14,Thu,1
6/15/2012,2012,6,15,Fri,1
6/16/2012,2012,6,16,Sat,0
6/17/2012,2012,6,17,Sun,0
6/18/2012,2012,6,18,Mon,1
6/19/2012,2012,6,19,Tue,1
6/20/2012,2012,6,20,Wed,1
6/21/2012,2012,6,21,Thu,1
6/22/2012,2012,6,22,Fri,1
6/23/2012,2012,6,23,Sat,0
6/24/2012,2012,6,24,Sun,0
6/25/2012,2012,6,25,Mon,1
6/26/2012,2012,6,26,Tue,1
6/27/2012,2012,6,27,Wed,1
6/28/2012,2012,6,28,Thu,1
6/29/2012,2012,6,29,Fri,1
6/30/2012,2012,6,30,Sat,0
7/1/2012,2012,7,1,Sun,0
7/2/2012,2012,7,2,Mon,1
7/3/2012,2012,7,3,Tue,1
7/4/2012,2012,7,4,Wed,0
7/5/2012,2012,7,5,Thu,1
7/6/2012,2012,7,6,Fri,1
7/7/2012,2012,7,7,Sat,0
7/8/2012,2012,7,8,Sun,0
7/9/2012,2012,7,9,Mon,1
7/10/2012,2012,7,10,Tue,1
7/11/2012,2012,7,11,Wed,1
7/12/2012,2012,7,12,Thu,1
7/13/2012,2012,7,13,Fri,1
7/14/2012,2012,7,14,Sat,0
7/15/2012,2012,7,15,Sun,0
7/16/2012,2012,7,16,Mon,1
7/17/2012,2012,7,17,Tue,1
7/18/2012,2012,7,18,Wed,1
7/19/2012,2012,7,19,Thu,1
7/20/2012,2012,7,20,Fri,1
7/21/2012,2012,7,21,Sat,0
7/22/2012,2012,7,22,Sun,0
7/23/2012,2012,7,23,Mon,1
7/24/2012,2012,7,24,Tue,1
7/25/2012,2012,7,25,Wed,1
7/26/2012,2012,7,26,Thu,1
7/27/2012,2012,7,27,Fri,1
7/28/2012,2012,7,28,Sat,0
7/29/2012,2012,7,29,Sun,0
7/30/2012,2012,7,30,Mon,1
7/31/2012,2012,7,31,Tue,1
8/1/2012,2012,8,1,Wed,1
8/2/2012,2012,8,2,Thu,1
8/3/2012,2012,8,3,Fri,1
8/4/2012,2012,8,4,Sat,0
8/5/2012,2012,8,5,Sun,0
8/6/2012,2012,8,6,Mon,1
8/7/2012,2012,8,7,Tue,1
8/8/2012,2012,8,8,Wed,1
8/9/2012,2012,8,9,Thu,1
8/10/2012,2012,8,10,Fri,1
8/11/2012,2012,8,11,Sat,0
8/12/2012,2012,8,12,Sun,0
8/13/2012,2012,8,13,Mon,1
8/14/2012,2012,8,14,Tue,1
8/15/2012,2012,8,15,Wed,1
8/16/2012,2012,8,16,Thu,1
8/17/2012,2012,8,17,Fri,1
8/18/2012,2012,8,18,Sat,0
8/19/2012,2012,8,19,Sun,0
8/20/2012,2012,8,20,Mon,1
8/21/2012,2012,8,21,Tue,1
8/22/2012,2012,8,22,Wed,1
8/23/2012,2012,8,23,Thu,1
8/24/2012,2012,8,24,Fri,1
8/25/2012,2012,8,25,Sat,0
8/26/2012,2012,8,26,Sun,0
8/27/2012,2012,8,27,Mon,1
8/28/2012,2012,8,28,Tue,1
8/29/2012,2012,8,29,Wed,1
8/30/2012,2012,8,30,Thu,1
8/31/2012,2012,8,31,Fri,1
9/1/2012,2012,9,1,Sat,0
9/2/2012,2012,9,2,Sun,0
9/3/2012,2012,9,3,Mon,0
9/4/2012,2012,9,4,Tue,1
9/5/2012,2012,9,5,Wed,1
9/6/2012,2012,9,6,Thu,1
9/7/2012,2012,9,7,Fri,1
9/8/2012,2012,9,8,Sat,0
9/9/2012,2012,9,9,Sun,0
9/10/2012,2012,9,10,Mon,1
9/11/2012,2012,9,11,Tue,1
9/12/2012,2012,9,12,Wed,1
9/13/2012,2012,9,13,Thu,1
9/14/2012,2012,9,14,Fri,1
9/15/2012,2012,9,15,Sat,0
9/16/2012,2012,9,16,Sun,0
9/17/2012,2012,9,17,Mon,1
9/18/2012,2012,9,18,Tue,1
9/19/2012,2012,9,19,Wed,1
9/20/2012,2012,9,20,Thu,1
9/21/2012,2012,9,21,Fri,1
9/22/2012,2012,9,22,Sat,0
9/23/2012,2012,9,23,Sun,0
9/24/2012,2012,9,24,Mon,1
9/25/2012,2012,9,25,Tue,1
9/26/2012,2012,9,26,Wed,1
9/27/2012,2012,9,27,Thu,1
9/28/2012,2012,9,28,Fri,1
9/29/2012,2012,9,29,Sat,0
9/30/2012,2012,9,30,Sun,0
10/1/2012,2012,10,1,Mon,1
10/2/2012,2012,10,2,Tue,1
10/3/2012,2012,10,3,Wed,1
10/4/2012,2012,10,4,Thu,1
10/5/2012,2012,10,5,Fri,1
10/6/2012,2012,10,6,Sat,0
10/7/2012,2012,10,7,Sun,0
10/8/2012,2012,10,8,Mon,1
10/9/2012,2012,10,9,Tue,1
10/10/2012,2012,10,10,Wed,1
10/11/2012,2012,10,11,Thu,1
10/12/2012,2012,10,12,Fri,1
10/13/2012,2012,10,13,Sat,0
10/14/2012,2012,10,14,Sun,0
10/15/2012,2012,10,15,Mon,1
10/16/2012,2012,10,16,Tue,1
10/17/2012,2012,10,17,Wed,1
10/18/2012,2012,10,18,Thu,1
10/19/2012,2012,10,19,Fri,1
10/20/2012,2012,10,20,Sat,0
10/21/2012,2012,10,21,Sun,0
10/22/2012,2012,10,22,Mon,1
10/23/2012,2012,10,23,Tue,1
10/24/2012,2012,10,24,Wed,1
10/25/2012,2012,10,25,Thu,1
10/26/2012,2012,10,26,Fri,1
10/27/2012,2012,10,27,Sat,0
10/28/2012,2012,10,28,Sun,0
10/29/2012,2012,10,29,Mon,1
10/30/2012,2012,10,30,Tue,1
10/31/2012,2012,10,31,Wed,1
11/1/2012,2012,11,1,Thu,1
11/2/2012,2012,11,2,Fri,1
11/3/2012,2012,11,3,Sat,0
11/4/2012,2012,11,4,Sun,0
11/5/2012,2012,11,5,Mon,1
11/6/2012,2012,11,6,Tue,1
11/7/2012,2012,11,7,Wed,1
11/8/2012,2012,11,8,Thu,1
11/9/2012,2012,11,9,Fri,1
11/10/2012,2012,11,10,Sat,0
11/11/2012,2012,11,11,Sun,0
11/12/2012,2012,11,12,Mon,1
11/13/2012,2012,11,13,Tue,1
11/14/2012,2012,11,14,Wed,1
11/15/2012,2012,11,15,Thu,1
11/16/2012,2012,11,16,Fri,1
11/17/2012,2012,11,17,Sat,0
11/18/2012,2012,11,18,Sun,0
11/19/2012,2012,11,19,Mon,1
11/20/2012,2012,11,20,Tue,1
11/21/2012,2012,11,21,Wed,1
11/22/2012,2012,11,22,Thu,0
11/23/2012,2012,11,23,Fri,1
11/24/2012,2012,11,24,Sat,0
11/25/2012,2012,11,25,Sun,0
11/26/2012,2012,11,26,Mon,1
11/27/2012,2012,11,27,Tue,1
11/28/2012,2012,11,28,Wed,1
11/29/2012,2012,11,29,Thu,1
11/30/2012,2012,11,30,Fri,1
12/1/2012,2012,12,1,Sat,0
12/2/2012,2012,12,2,Sun,0
12/3/2012,2012,12,3,Mon,1
12/4/2012,2012,12,4,Tue,1
12/5/2012,2012,12,5,Wed,1
12/6/2012,2012,12,6,Thu,1
12/7/2012,2012,12,7,Fri,1
12/8/2012,2012,12,8,Sat,0
12/9/2012,2012,12,9,Sun,0
12/10/2012,2012,12,10,Mon,1
12/11/2012,2012,12,11,Tue,1
12/12/2012,2012,12,12,Wed,1
12/13/2012,2012,12,13,Thu,1
12/14/2012,2012,12,14,Fri,1
12/15/2012,2012,12,15,Sat,0
12/16/2012,2012,12,16,Sun,0
12/17/2012,2012,12,17,Mon,1
12/18/2012,2012,12,18,Tue,1
12/19/2012,2012,12,19,Wed,1
12/20/2012,2012,12,20,Thu,1
12/21/2012,2012,12,21,Fri,1
12/22/2012,2012,12,22,Sat,0
12/23/2012,2012,12,23,Sun,0
12/24/2012,2012,12,24,Mon,1
12/25/2012,2012,12,25,Tue,0
12/26/2012,2012,12,26,Wed,1
12/27/2012,2012,12,27,Thu,1
12/28/2012,2012,12,28,Fri,1
12/29/2012,2012,12,29,Sat,0
12/30/2012,2012,12,30,Sun,0
12/31/2012,2012,12,31,Mon,1
1/1/2013,2013,1,1,Tue,0
1/2/2013,2013,1,2,Wed,1
1/3/2013,2013,1,3,Thu,1
1/4/2013,2013,1,4,Fri,1
1/5/2013,2013,1,5,Sat,0
1/6/2013,2013,1,6,Sun,0
1/7/2013,2013,1,7,Mon,1
1/8/2013,2013,1,8,Tue,1
1/9/2013,2013,1,9,Wed,1
1/10/2013,2013,1,10,Thu,1
1/11/2013,2013,1,11,Fri,1
1/12/2013,2013,1,12,Sat,0
1/13/2013,2013,1,13,Sun,0
1/14/2013,2013,1,14,Mon,1
1/15/2013,2013,1,15,Tue,1
1/16/2013,2013,1,16,Wed,1
1/17/2013,2013,1,17,Thu,1
1/18/2013,2013,1,18,Fri,1
1/19/2013,2013,1,19,Sat,0
1/20/2013,2013,1,20,Sun,0
1/21/2013,2013,1,21,Mon,0
1/22/2013,2013,1,22,Tue,1
1/23/2013,2013,1,23,Wed,1
1/24/2013,2013,1,24,Thu,1
1/25/2013,2013,1,25,Fri,1
1/26/2013,2013,1,26,Sat,0
1/27/2013,2013,1,27,Sun,0
1/28/2013,2013,1,28,Mon,1
1/29/2013,2013,1,29,Tue,1
1/30/2013,2013,1,30,Wed,1
1/31/2013,2013,1,31,Thu,1
2/1/2013,2013,2,1,Fri,1
2/2/2013,2013,2,2,Sat,0
2/3/2013,2013,2,3,Sun,0
2/4/2013,2013,2,4,Mon,1
2/5/2013,2013,2,5,Tue,1
2/6/2013,2013,2,6,Wed,1
2/7/2013,2013,2,7,Thu,1
2/8/2013,2013,2,8,Fri,1
2/9/2013,2013,2,9,Sat,0
2/10/2013,2013,2,10,Sun,0
2/11/2013,2013,2,11,Mon,1
2/12/2013,2013,2,12,Tue,1
2/13/2013,2013,2,13,Wed,1
2/14/2013,2013,2,14,Thu,1
2/15/2013,2013,2,15,Fri,1
2/16/2013,2013,2,16,Sat,0
2/17/2013,2013,2,17,Sun,0
2/18/2013,2013,2,18,Mon,0
2/19/2013,2013,2,19,Tue,1
2/20/2013,2013,2,20,Wed,1
2/21/2013,2013,2,21,Thu,1
2/22/2013,2013,2,22,Fri,1
2/23/2013,2013,2,23,Sat,0
2/24/2013,2013,2,24,Sun,0
2/25/2013,2013,2,25,Mon,1
2/26/2013,2013,2,26,Tue,1
2/27/2013,2013,2,27,Wed,1
2/28/2013,2013,2,28,Thu,1
3/1/2013,2013,3,1,Fri,1
3/2/2013,2013,3,2,Sat,0
3/3/2013,2013,3,3,Sun,0
3/4/2013,2013,3,4,Mon,1
3/5/2013,2013,3,5,Tue,1
3/6/2013,2013,3,6,Wed,1
3/7/2013,2013,3,7,Thu,1
3/8/2013,2013,3,8,Fri,1
3/9/2013,2013,3,9,Sat,0
3/10/2013,2013,3,10,Sun,0
3/11/2013,2013,3,11,Mon,1
3/12/2013,2013,3,12,Tue,1
3/13/2013,2013,3,13,Wed,1
3/14/2013,2013,3,14,Thu,1
3/15/2013,2013,3,15,Fri,1
3/16/2013,2013,3,16,Sat,0
3/17/2013,2013,3,17,Sun,0
3/18/2013,2013,3,18,Mon,1
3/19/2013,2013,3,19,Tue,1
3/20/2013,2013,3,20,Wed,1
3/21/2013,2013,3,21,Thu,1
3/22/2013,2013,3,22,Fri,1
3/23/2013,2013,3,23,Sat,0
3/24/2013,2013,3,24,Sun,0
3/25/2013,2013,3,25,Mon,1
3/26/2013,2013,3,26,Tue,1
3/27/2013,2013,3,27,Wed,1
3/28/2013,2013,3,28,Thu,1
3/29/2013,2013,3,29,Fri,0
3/30/2013,2013,3,30,Sat,0
3/31/2013,2013,3,31,Sun,0
4/1/2013,2013,4,1,Mon,1
4/2/2013,2013,4,2,Tue,1
4/3/2013,2013,4,3,Wed,1
4/4/2013,2013,4,4,Thu,1
4/5/2013,2013,4,5,Fri,1
4/6/2013,2013,4,6,Sat,0
4/7/2013,2013,4,7,Sun,0
4/8/2013,2013,4,8,Mon,1
4/9/2013,2013,4,9,Tue,1
4/10/2013,2013,4,10,Wed,1
4/11/2013,2013,4,11,Thu,1
4/12/2013,2013,4,12,Fri,1
4/13/2013,2013,4,13,Sat,0
4/14/2013,2013,4,14,Sun,0
4/15/2013,2013,4,15,Mon,1
4/16/2013,2013,4,16,Tue,1
4/17/2013,2013,4,17,Wed,1
4/18/2013,2013,4,18,Thu,1
4/19/2013,2013,4,19,Fri,1
4/20/2013,2013,4,20,Sat,0
4/21/2013,2013,4,21,Sun,0
4/22/2013,2013,4,22,Mon,1
4/23/2013,2013,4,23,Tue,1
4/24/2013,2013,4,24,Wed,1
4/25/2013,2013,4,25,Thu,1
4/26/2013,2013,4,26,Fri,1
4/27/2013,2013,4,27,Sat,0
4/28/2013,2013,4,28,Sun,0
4/29/2013,2013,4,29,Mon,1
4/30/2013,2013,4,30,Tue,1
5/1/2013,2013,5,1,Wed,1
5/2/2013,2013,5,2,Thu,1
5/3/2013,2013,5,3,Fri,1
5/4/2013,2013,5,4,Sat,0
5/5/2013,2013,5,5,Sun,0
5/6/2013,2013,5,6,Mon,1
5/7/2013,2013,5,7,Tue,1
5/8/2013,2013,5,8,Wed,1
5/9/2013,2013,5,9,Thu,1
5/10/2013,2013,5,10,Fri,1
5/11/2013,2013,5,11,Sat,0
5/12/2013,2013,5,12,Sun,0
5/13/2013,2013,5,13,Mon,1
5/14/2013,2013,5,14,Tue,1
5/15/2013,2013,5,15,Wed,1
5/16/2013,2013,5,16,Thu,1
5/17/2013,2013,5,17,Fri,1
5/18/2013,2013,5,18,Sat,0
5/19/2013,2013,5,19,Sun,0
5/20/2013,2013,5,20,Mon,1
5/21/2013,2013,5,21,Tue,1
5/22/2013,2013,5,22,Wed,1
5/23/2013,2013,5,23,Thu,1
5/24/2013,2013,5,24,Fri,1
5/25/2013,2013,5,25,Sat,0
5/26/2013,2013,5,26,Sun,0
5/27/2013,2013,5,27,Mon,0
5/28/2013,2013,5,28,Tue,1
5/29/2013,2013,5,29,Wed,1
5/30/2013,2013,5,30,Thu,1
5/31/2013,2013,5,31,Fri,1
6/1/2013,2013,6,1,Sat,0
6/2/2013,2013,6,2,Sun,0
6/3/2013,2013,6,3,Mon,1
6/4/2013,2013,6,4,Tue,1
6/5/2013,2013,6,5,Wed,1
6/6/2013,2013,6,6,Thu,1
6/7/2013,2013,6,7,Fri,1
6/8/2013,2013,6,8,Sat,0
6/9/2013,2013,6,9,Sun,0
6/10/2013,2013,6,10,Mon,1
6/11/2013,2013,6,11,Tue,1
6/12/2013,2013,6,12,Wed,1
6/13/2013,2013,6,13,Thu,1
6/14/2013,2013,6,14,Fri,1
6/15/2013,2013,6,15,Sat,0
6/16/2013,2013,6,16,Sun,0
6/17/2013,2013,6,17,Mon,1
6/18/2013,2013,6,18,Tue,1
6/19/2013,2013,6,19,Wed,1
6/20/2013,2013,6,20,Thu,1
6/21/2013,2013,6,21,Fri,1
6/22/2013,2013,6,22,Sat,0
6/23/2013,2013,6,23,Sun,0
6/24/2013,2013,6,24,Mon,1
6/25/2013,2013,6,25,Tue,1
6/26/2013,2013,6,26,Wed,1
6/27/2013,2013,6,27,Thu,1
6/28/2013,2013,6,28,Fri,1
6/29/2013,2013,6,29,Sat,0
6/30/2013,2013,6,30,Sun,0
7/1/2013,2013,7,1,Mon,1
7/2/2013,2013,7,2,Tue,1
7/3/2013,2013,7,3,Wed,1
7/4/2013,2013,7,4,Thu,0
7/5/2013,2013,7,5,Fri,1
7/6/2013,2013,7,6,Sat,0
7/7/2013,2013,7,7,Sun,0
7/8/2013,2013,7,8,Mon,1
7/9/2013,2013,7,9,Tue,1
7/10/2013,2013,7,10,Wed,1
7/11/2013,2013,7,11,Thu,1
7/12/2013,2013,7,12,Fri,1
7/13/2013,2013,7,13,Sat,0
7/14/2013,2013,7,14,Sun,0
7/15/2013,2013,7,15,Mon,1
7/16/2013,2013,7,16,Tue,1
7/17/2013,2013,7,17,Wed,1
7/18/2013,2013,7,18,Thu,1
7/19/2013,2013,7,19,Fri,1
7/20/2013,2013,7,20,Sat,0
7/21/2013,2013,7,21,Sun,0
7/22/2013,2013,7,22,Mon,1
7/23/2013,2013,7,23,Tue,1
7/24/2013,2013,7,24,Wed,1
7/25/2013,2013,7,25,Thu,1
7/26/2013,2013,7,26,Fri,1
7/27/2013,2013,7,27,Sat,0
7/28/2013,2013,7,28,Sun,0
7/29/2013,2013,7,29,Mon,1
7/30/2013,2013,7,30,Tue,1
7/31/2013,2013,7,31,Wed,1
8/1/2013,2013,8,1,Thu,1
8/2/2013,2013,8,2,Fri,1
8/3/2013,2013,8,3,Sat,0
8/4/2013,2013,8,4,Sun,0
8/5/2013,2013,8,5,Mon,1
8/6/2013,2013,8,6,Tue,1
8/7/2013,2013,8,7,Wed,1
8/8/2013,2013,8,8,Thu,1
8/9/2013,2013,8,9,Fri,1
8/10/2013,2013,8,10,Sat,0
8/11/2013,2013,8,11,Sun,0
8/12/2013,2013,8,12,Mon,1
8/13/2013,2013,8,13,Tue,1
8/14/2013,2013,8,14,Wed,1
8/15/2013,2013,8,15,Thu,1
8/16/2013,2013,8,16,Fri,1
8/17/2013,2013,8,17,Sat,0
8/18/2013,2013,8,18,Sun,0
8/19/2013,2013,8,19,Mon,1
8/20/2013,2013,8,20,Tue,1
8/21/2013,2013,8,21,Wed,1
8/22/2013,2013,8,22,Thu,1
8/23/2013,2013,8,23,Fri,1
8/24/2013,2013,8,24,Sat,0
8/25/2013,2013,8,25,Sun,0
8/26/2013,2013,8,26,Mon,1
8/27/2013,2013,8,27,Tue,1
8/28/2013,2013,8,28,Wed,1
8/29/2013,2013,8,29,Thu,1
8/30/2013,2013,8,30,Fri,1
8/31/2013,2013,8,31,Sat,0
9/1/2013,2013,9,1,Sun,0
9/2/2013,2013,9,2,Mon,0
9/3/2013,2013,9,3,Tue,1
9/4/2013,2013,9,4,Wed,1
9/5/2013,2013,9,5,Thu,1
9/6/2013,2013,9,6,Fri,1
9/7/2013,2013,9,7,Sat,0
9/8/2013,2013,9,8,Sun,0
9/9/2013,2013,9,9,Mon,1
9/10/2013,2013,9,10,Tue,1
9/11/2013,2013,9,11,Wed,1
9/12/2013,2013,9,12,Thu,1
9/13/2013,2013,9,13,Fri,1
9/14/2013,2013,9,14,Sat,0
9/15/2013,2013,9,15,Sun,0
9/16/2013,2013,9,16,Mon,1
9/17/2013,2013,9,17,Tue,1
9/18/2013,2013,9,18,Wed,1
9/19/2013,2013,9,19,Thu,1
9/20/2013,2013,9,20,Fri,1
9/21/2013,2013,9,21,Sat,0
9/22/2013,2013,9,22,Sun,0
9/23/2013,2013,9,23,Mon,1
9/24/2013,2013,9,24,Tue,1
9/25/2013,2013,9,25,Wed,1
9/26/2013,2013,9,26,Thu,1
9/27/2013,2013,9,27,Fri,1
9/28/2013,2013,9,28,Sat,0
9/29/2013,2013,9,29,Sun,0
9/30/2013,2013,9,30,Mon,1
10/1/2013,2013,10,1,Tue,1
10/2/2013,2013,10,2,Wed,1
10/3/2013,2013,10,3,Thu,1
10/4/2013,2013,10,4,Fri,1
10/5/2013,2013,10,5,Sat,0
10/6/2013,2013,10,6,Sun,0
10/7/2013,2013,10,7,Mon,1
10/8/2013,2013,10,8,Tue,1
10/9/2013,2013,10,9,Wed,1
10/10/2013,2013,10,10,Thu,1
10/11/2013,2013,10,11,Fri,1
10/12/2013,2013,10,12,Sat,0
10/13/2013,2013,10,13,Sun,0
10/14/2013,2013,10,14,Mon,1
10/15/2013,2013,10,15,Tue,1
10/16/2013,2013,10,16,Wed,1
10/17/2013,2013,10,17,Thu,1
10/18/2013,2013,10,18,Fri,1
10/19/2013,2013,10,19,Sat,0
10/20/2013,2013,10,20,Sun,0
10/21/2013,2013,10,21,Mon,1
10/22/2013,2013,10,22,Tue,1
10/23/2013,2013,10,23,Wed,1
10/24/2013,2013,10,24,Thu,1
10/25/2013,2013,10,25,Fri,1
10/26/2013,2013,10,26,Sat,0
10/27/2013,2013,10,27,Sun,0
10/28/2013,2013,10,28,Mon,1
10/29/2013,2013,10,29,Tue,1
10/30/2013,2013,10,30,Wed,1
10/31/2013,2013,10,31,Thu,1
11/1/2013,2013,11,1,Fri,1
11/2/2013,2013,11,2,Sat,0
11/3/2013,2013,11,3,Sun,0
11/4/2013,2013,11,4,Mon,1
11/5/2013,2013,11,5,Tue,1
11/6/2013,2013,11,6,Wed,1
11/7/2013,2013,11,7,Thu,1
11/8/2013,2013,11,8,Fri,1
11/9/2013,2013,11,9,Sat,0
11/10/2013,2013,11,10,Sun,0
11/11/2013,2013,11,11,Mon,1
11/12/2013,2013,11,12,Tue,1
11/13/2013,2013,11,13,Wed,1
11/14/2013,2013,11,14,Thu,1
11/15/2013,2013,11,15,Fri,1
11/16/2013,2013,11,16,Sat,0
11/17/2013,2013,11,17,Sun,0
11/18/2013,2013,11,18,Mon,1
11/19/2013,2013,11,19,Tue,1
11/20/2013,2013,11,20,Wed,1
11/21/2013,2013,11,21,Thu,1
11/22/2013,2013,11,22,Fri,1
11/23/2013,2013,11,23,Sat,0
11/24/2013,2013,11,24,Sun,0
11/25/2013,2013,11,25,Mon,1
11/26/2013,2013,11,26,Tue,1
11/27/2013,2013,11,27,Wed,1
11/28/2013,2013,11,28,Thu,0
11/29/2013,2013,11,29,Fri,1
11/30/2013,2013,11,30,Sat,0
12/1/2013,2013,12,1,Sun,0
12/2/2013,2013,12,2,Mon,1
12/3/2013,2013,12,3,Tue,1
12/4/2013,2013,12,4,Wed,1
12/5/2013,2013,12,5,Thu,1
12/6/2013,2013,12,6,Fri,1
12/7/2013,2013,12,7,Sat,0
12/8/2013,2013,12,8,Sun,0
12/9/2013,2013,12,9,Mon,1
12/10/2013,2013,12,10,Tue,1
12/11/2013,2013,12,11,Wed,1
12/12/2013,2013,12,12,Thu,1
12/13/2013,2013,12,13,Fri,1
12/14/2013,2013,12,14,Sat,0
12/15/2013,2013,12,15,Sun,0
12/16/2013,2013,12,16,Mon,1
12/17/2013,2013,12,17,Tue,1
12/18/2013,2013,12,18,Wed,1
12/19/2013,2013,12,19,Thu,1
12/20/2013,2013,12,20,Fri,1
12/21/2013,2013,12,21,Sat,0
12/22/2013,2013,12,22,Sun,0
12/23/2013,2013,12,23,Mon,1
12/24/2013,2013,12,24,Tue,1
12/25/2013,2013,12,25,Wed,0
12/26/2013,2013,12,26,Thu,1
12/27/2013,2013,12,27,Fri,1
12/28/2013,2013,12,28,Sat,0
12/29/2013,2013,12,29,Sun,0
12/30/2013,2013,12,30,Mon,1
12/31/2013,2013,12,31,Tue,1
1/1/2014,2014,1,1,Wed,0
1/2/2014,2014,1,2,Thu,1
1/3/2014,2014,1,3,Fri,1
1/4/2014,2014,1,4,Sat,0
1/5/2014,2014,1,5,Sun,0
1/6/2014,2014,1,6,Mon,1
1/7/2014,2014,1,7,Tue,1
1/8/2014,2014,1,8,Wed,1
1/9/2014,2014,1,9,Thu,1
1/10/2014,2014,1,10,Fri,1
1/11/2014,2014,1,11,Sat,0
1/12/2014,2014,1,12,Sun,0
1/13/2014,2014,1,13,Mon,1
1/14/2014,2014,1,14,Tue,1
1/15/2014,2014,1,15,Wed,1
1/16/2014,2014,1,16,Thu,1
1/17/2014,2014,1,17,Fri,1
1/18/2014,2014,1,18,Sat,0
1/19/2014,2014,1,19,Sun,0
1/20/2014,2014,1,20,Mon,0
1/21/2014,2014,1,21,Tue,1
1/22/2014,2014,1,22,Wed,1
1/23/2014,2014,1,23,Thu,1
1/24/2014,2014,1,24,Fri,1
1/25/2014,2014,1,25,Sat,0
1/26/2014,2014,1,26,Sun,0
1/27/2014,2014,1,27,Mon,1
1/28/2014,2014,1,28,Tue,1
1/29/2014,2014,1,29,Wed,1
1/30/2014,2014,1,30,Thu,1
1/31/2014,2014,1,31,Fri,1
2/1/2014,2014,2,1,Sat,0
2/2/2014,2014,2,2,Sun,0
2/3/2014,2014,2,3,Mon,1
2/4/2014,2014,2,4,Tue,1
2/5/2014,2014,2,5,Wed,1
2/6/2014,2014,2,6,Thu,1
2/7/2014,2014,2,7,Fri,1
2/8/2014,2014,2,8,Sat,0
2/9/2014,2014,2,9,Sun,0
2/10/2014,2014,2,10,Mon,1
2/11/2014,2014,2,11,Tue,1
2/12/2014,2014,2,12,Wed,1
2/13/2014,2014,2,13,Thu,1
2/14/2014,2014,2,14,Fri,1
2/15/2014,2014,2,15,Sat,0
2/16/2014,2014,2,16,Sun,0
2/17/2014,2014,2,17,Mon,0
2/18/2014,2014,2,18,Tue,1
2/19/2014,2014,2,19,Wed,1
2/20/2014,2014,2,20,Thu,1
2/21/2014,2014,2,21,Fri,1
2/22/2014,2014,2,22,Sat,0
2/23/2014,2014,2,23,Sun,0
2/24/2014,2014,2,24,Mon,1
2/25/2014,2014,2,25,Tue,1
2/26/2014,2014,2,26,Wed,1
2/27/2014,2014,2,27,Thu,1
2/28/2014,2014,2,28,Fri,1
3/1/2014,2014,3,1,Sat,0
3/2/2014,2014,3,2,Sun,0
3/3/2014,2014,3,3,Mon,1
3/4/2014,2014,3,4,Tue,1
3/5/2014,2014,3,5,Wed,1
3/6/2014,2014,3,6,Thu,1
3/7/2014,2014,3,7,Fri,1
3/8/2014,2014,3,8,Sat,0
3/9/2014,2014,3,9,Sun,0
3/10/2014,2014,3,10,Mon,1
3/11/2014,2014,3,11,Tue,1
3/12/2014,2014,3,12,Wed,1
3/13/2014,2014,3,13,Thu,1
3/14/2014,2014,3,14,Fri,1
3/15/2014,2014,3,15,Sat,0
3/16/2014,2014,3,16,Sun,0
3/17/2014,2014,3,17,Mon,1
3/18/2014,2014,3,18,Tue,1
3/19/2014,2014,3,19,Wed,1
3/20/2014,2014,3,20,Thu,1
3/21/2014,2014,3,21,Fri,1
3/22/2014,2014,3,22,Sat,0
3/23/2014,2014,3,23,Sun,0
3/24/2014,2014,3,24,Mon,1
3/25/2014,2014,3,25,Tue,1
3/26/2014,2014,3,26,Wed,1
3/27/2014,2014,3,27,Thu,1
3/28/2014,2014,3,28,Fri,1
3/29/2014,2014,3,29,Sat,0
3/30/2014,2014,3,30,Sun,0
3/31/2014,2014,3,31,Mon,1
4/1/2014,2014,4,1,Tue,1
4/2/2014,2014,4,2,Wed,1
4/3/2014,2014,4,3,Thu,1
4/4/2014,2014,4,4,Fri,1
4/5/2014,2014,4,5,Sat,0
4/6/2014,2014,4,6,Sun,0
4/7/2014,2014,4,7,Mon,1
4/8/2014,2014,4,8,Tue,1
4/9/2014,2014,4,9,Wed,1
4/10/2014,2014,4,10,Thu,1
4/11/2014,2014,4,11,Fri,1
4/12/2014,2014,4,12,Sat,0
4/13/2014,2014,4,13,Sun,0
4/14/2014,2014,4,14,Mon,1
4/15/2014,2014,4,15,Tue,1
4/16/2014,2014,4,16,Wed,1
4/17/2014,2014,4,17,Thu,1
4/18/2014,2014,4,18,Fri,0
4/19/2014,2014,4,19,Sat,0
4/20/2014,2014,4,20,Sun,0
4/21/2014,2014,4,21,Mon,1
4/22/2014,2014,4,22,Tue,1
4/23/2014,2014,4,23,Wed,1
4/24/2014,2014,4,24,Thu,1
4/25/2014,2014,4,25,Fri,1
4/26/2014,2014,4,26,Sat,0
4/27/2014,2014,4,27,Sun,0
4/28/2014,2014,4,28,Mon,1
4/29/2014,2014,4,29,Tue,1
4/30/2014,2014,4,30,Wed,1
5/1/2014,2014,5,1,Thu,1
5/2/2014,2014,5,2,Fri,1
5/3/2014,2014,5,3,Sat,0
5/4/2014,2014,5,4,Sun,0
5/5/2014,2014,5,5,Mon,1
5/6/2014,2014,5,6,Tue,1
5/7/2014,2014,5,7,Wed,1
5/8/2014,2014,5,8,Thu,1
5/9/2014,2014,5,9,Fri,1
5/10/2014,2014,5,10,Sat,0
5/11/2014,2014,5,11,Sun,0
5/12/2014,2014,5,12,Mon,1
5/13/2014,2014,5,13,Tue,1
5/14/2014,2014,5,14,Wed,1
5/15/2014,2014,5,15,Thu,1
5/16/2014,2014,5,16,Fri,1
5/17/2014,2014,5,17,Sat,0
5/18/2014,2014,5,18,Sun,0
5/19/2014,2014,5,19,Mon,1
5/20/2014,2014,5,20,Tue,1
5/21/2014,2014,5,21,Wed,1
5/22/2014,2014,5,22,Thu,1
5/23/2014,2014,5,23,Fri,1
5/24/2014,2014,5,24,Sat,0
5/25/2014,2014,5,25,Sun,0
5/26/2014,2014,5,26,Mon,0
5/27/2014,2014,5,27,Tue,1
5/28/2014,2014,5,28,Wed,1
5/29/2014,2014,5,29,Thu,1
5/30/2014,2014,5,30,Fri,1
5/31/2014,2014,5,31,Sat,0
6/1/2014,2014,6,1,Sun,0
6/2/2014,2014,6,2,Mon,1
6/3/2014,2014,6,3,Tue,1
6/4/2014,2014,6,4,Wed,1
6/5/2014,2014,6,5,Thu,1
6/6/2014,2014,6,6,Fri,1
6/7/2014,2014,6,7,Sat,0
6/8/2014,2014,6,8,Sun,0
6/9/2014,2014,6,9,Mon,1
6/10/2014,2014,6,10,Tue,1
6/11/2014,2014,6,11,Wed,1
6/12/2014,2014,6,12,Thu,1
6/13/2014,2014,6,13,Fri,1
6/14/2014,2014,6,14,Sat,0
6/15/2014,2014,6,15,Sun,0
6/16/2014,2014,6,16,Mon,1
6/17/2014,2014,6,17,Tue,1
6/18/2014,2014,6,18,Wed,1
6/19/2014,2014,6,19,Thu,1
6/20/2014,2014,6,20,Fri,1
6/21/2014,2014,6,21,Sat,0
6/22/2014,2014,6,22,Sun,0
6/23/2014,2014,6,23,Mon,1
6/24/2014,2014,6,24,Tue,1
6/25/2014,2014,6,25,Wed,1
6/26/2014,2014,6,26,Thu,1
6/27/2014,2014,6,27,Fri,1
6/28/2014,2014,6,28,Sat,0
6/29/2014,2014,6,29,Sun,0
6/30/2014,2014,6,30,Mon,1
7/1/2014,2014,7,1,Tue,1
7/2/2014,2014,7,2,Wed,1
7/3/2014,2014,7,3,Thu,1
7/4/2014,2014,7,4,Fri,0
7/5/2014,2014,7,5,Sat,0
7/6/2014,2014,7,6,Sun,0
7/7/2014,2014,7,7,Mon,1
7/8/2014,2014,7,8,Tue,1
7/9/2014,2014,7,9,Wed,1
7/10/2014,2014,7,10,Thu,1
7/11/2014,2014,7,11,Fri,1
7/12/2014,2014,7,12,Sat,0
7/13/2014,2014,7,13,Sun,0
7/14/2014,2014,7,14,Mon,1
7/15/2014,2014,7,15,Tue,1
7/16/2014,2014,7,16,Wed,1
7/17/2014,2014,7,17,Thu,1
7/18/2014,2014,7,18,Fri,1
7/19/2014,2014,7,19,Sat,0
7/20/2014,2014,7,20,Sun,0
7/21/2014,2014,7,21,Mon,1
7/22/2014,2014,7,22,Tue,1
7/23/2014,2014,7,23,Wed,1
7/24/2014,2014,7,24,Thu,1
7/25/2014,2014,7,25,Fri,1
7/26/2014,2014,7,26,Sat,0
7/27/2014,2014,7,27,Sun,0
7/28/2014,2014,7,28,Mon,1
7/29/2014,2014,7,29,Tue,1
7/30/2014,2014,7,30,Wed,1
7/31/2014,2014,7,31,Thu,1
8/1/2014,2014,8,1,Fri,1
8/2/2014,2014,8,2,Sat,0
8/3/2014,2014,8,3,Sun,0
8/4/2014,2014,8,4,Mon,1
8/5/2014,2014,8,5,Tue,1
8/6/2014,2014,8,6,Wed,1
8/7/2014,2014,8,7,Thu,1
8/8/2014,2014,8,8,Fri,1
8/9/2014,2014,8,9,Sat,0
8/10/2014,2014,8,10,Sun,0
8/11/2014,2014,8,11,Mon,1
8/12/2014,2014,8,12,Tue,1
8/13/2014,2014,8,13,Wed,1
8/14/2014,2014,8,14,Thu,1
8/15/2014,2014,8,15,Fri,1
8/16/2014,2014,8,16,Sat,0
8/17/2014,2014,8,17,Sun,0
8/18/2014,2014,8,18,Mon,1
8/19/2014,2014,8,19,Tue,1
8/20/2014,2014,8,20,Wed,1
8/21/2014,2014,8,21,Thu,1
8/22/2014,2014,8,22,Fri,1
8/23/2014,2014,8,23,Sat,0
8/24/2014,2014,8,24,Sun,0
8/25/2014,2014,8,25,Mon,1
8/26/2014,2014,8,26,Tue,1
8/27/2014,2014,8,27,Wed,1
8/28/2014,2014,8,28,Thu,1
8/29/2014,2014,8,29,Fri,1
8/30/2014,2014,8,30,Sat,0
8/31/2014,2014,8,31,Sun,0
9/1/2014,2014,9,1,Mon,0
9/2/2014,2014,9,2,Tue,1
9/3/2014,2014,9,3,Wed,1
9/4/2014,2014,9,4,Thu,1
9/5/2014,2014,9,5,Fri,1
9/6/2014,2014,9,6,Sat,0
9/7/2014,2014,9,7,Sun,0
9/8/2014,2014,9,8,Mon,1
9/9/2014,2014,9,9,Tue,1
9/10/2014,2014,9,10,Wed,1
9/11/2014,2014,9,11,Thu,1
9/12/2014,2014,9,12,Fri,1
9/13/2014,2014,9,13,Sat,0
9/14/2014,2014,9,14,Sun,0
9/15/2014,2014,9,15,Mon,1
9/16/2014,2014,9,16,Tue,1
9/17/2014,2014,9,17,Wed,1
9/18/2014,2014,9,18,Thu,1
9/19/2014,2014,9,19,Fri,1
9/20/2014,2014,9,20,Sat,0
9/21/2014,2014,9,21,Sun,0
9/22/2014,2014,9,22,Mon,1
9/23/2014,2014,9,23,Tue,1
9/24/2014,2014,9,24,Wed,1
9/25/2014,2014,9,25,Thu,1
9/26/2014,2014,9,26,Fri,1
9/27/2014,2014,9,27,Sat,0
9/28/2014,2014,9,28,Sun,0
9/29/2014,2014,9,29,Mon,1
9/30/2014,2014,9,30,Tue,1
10/1/2014,2014,10,1,Wed,1
10/2/2014,2014,10,2,Thu,1
10/3/2014,2014,10,3,Fri,1
10/4/2014,2014,10,4,Sat,0
10/5/2014,2014,10,5,Sun,0
10/6/2014,2014,10,6,Mon,1
10/7/2014,2014,10,7,Tue,1
10/8/2014,2014,10,8,Wed,1
10/9/2014,2014,10,9,Thu,1
10/10/2014,2014,10,10,Fri,1
10/11/2014,2014,10,11,Sat,0
10/12/2014,2014,10,12,Sun,0
10/13/2014,2014,10,13,Mon,1
10/14/2014,2014,10,14,Tue,1
10/15/2014,2014,10,15,Wed,1
10/16/2014,2014,10,16,Thu,1
10/17/2014,2014,10,17,Fri,1
10/18/2014,2014,10,18,Sat,0
10/19/2014,2014,10,19,Sun,0
10/20/2014,2014,10,20,Mon,1
10/21/2014,2014,10,21,Tue,1
10/22/2014,2014,10,22,Wed,1
10/23/2014,2014,10,23,Thu,1
10/24/2014,2014,10,24,Fri,1
10/25/2014,2014,10,25,Sat,0
10/26/2014,2014,10,26,Sun,0
10/27/2014,2014,10,27,Mon,1
10/28/2014,2014,10,28,Tue,1
10/29/2014,2014,10,29,Wed,1
10/30/2014,2014,10,30,Thu,1
10/31/2014,2014,10,31,Fri,1
11/1/2014,2014,11,1,Sat,0
11/2/2014,2014,11,2,Sun,0
11/3/2014,2014,11,3,Mon,1
11/4/2014,2014,11,4,Tue,1
11/5/2014,2014,11,5,Wed,1
11/6/2014,2014,11,6,Thu,1
11/7/2014,2014,11,7,Fri,1
11/8/2014,2014,11,8,Sat,0
11/9/2014,2014,11,9,Sun,0
11/10/2014,2014,11,10,Mon,1
11/11/2014,2014,11,11,Tue,1
11/12/2014,2014,11,12,Wed,1
11/13/2014,2014,11,13,Thu,1
11/14/2014,2014,11,14,Fri,1
11/15/2014,2014,11,15,Sat,0
11/16/2014,2014,11,16,Sun,0
11/17/2014,2014,11,17,Mon,1
11/18/2014,2014,11,18,Tue,1
11/19/2014,2014,11,19,Wed,1
11/20/2014,2014,11,20,Thu,1
11/21/2014,2014,11,21,Fri,1
11/22/2014,2014,11,22,Sat,0
11/23/2014,2014,11,23,Sun,0
11/24/2014,2014,11,24,Mon,1
11/25/2014,2014,11,25,Tue,1
11/26/2014,2014,11,26,Wed,1
11/27/2014,2014,11,27,Thu,0
11/28/2014,2014,11,28,Fri,1
11/29/2014,2014,11,29,Sat,0
11/30/2014,2014,11,30,Sun,0
12/1/2014,2014,12,1,Mon,1
12/2/2014,2014,12,2,Tue,1
12/3/2014,2014,12,3,Wed,1
12/4/2014,2014,12,4,Thu,1
12/5/2014,2014,12,5,Fri,1
12/6/2014,2014,12,6,Sat,0
12/7/2014,2014,12,7,Sun,0
12/8/2014,2014,12,8,Mon,1
12/9/2014,2014,12,9,Tue,1
12/10/2014,2014,12,10,Wed,1
12/11/2014,2014,12,11,Thu,1
12/12/2014,2014,12,12,Fri,1
12/13/2014,2014,12,13,Sat,0
12/14/2014,2014,12,14,Sun,0
12/15/2014,2014,12,15,Mon,1
12/16/2014,2014,12,16,Tue,1
12/17/2014,2014,12,17,Wed,1
12/18/2014,2014,12,18,Thu,1
12/19/2014,2014,12,19,Fri,1
12/20/2014,2014,12,20,Sat,0
12/21/2014,2014,12,21,Sun,0
12/22/2014,2014,12,22,Mon,1
12/23/2014,2014,12,23,Tue,1
12/24/2014,2014,12,24,Wed,1
12/25/2014,2014,12,25,Thu,0
12/26/2014,2014,12,26,Fri,1
12/27/2014,2014,12,27,Sat,0
12/28/2014,2014,12,28,Sun,0
12/29/2014,2014,12,29,Mon,1
12/30/2014,2014,12,30,Tue,1
12/31/2014,2014,12,31,Wed,1
1/1/2015,2015,1,1,Thu,0
1/2/2015,2015,1,2,Fri,1
1/3/2015,2015,1,3,Sat,0
1/4/2015,2015,1,4,Sun,0
1/5/2015,2015,1,5,Mon,1
1/6/2015,2015,1,6,Tue,1
1/7/2015,2015,1,7,Wed,1
1/8/2015,2015,1,8,Thu,1
1/9/2015,2015,1,9,Fri,1
1/10/2015,2015,1,10,Sat,0
1/11/2015,2015,1,11,Sun,0
1/12/2015,2015,1,12,Mon,1
1/13/2015,2015,1,13,Tue,1
1/14/2015,2015,1,14,Wed,1
1/15/2015,2015,1,15,Thu,1
1/16/2015,2015,1,16,Fri,1
1/17/2015,2015,1,17,Sat,0
1/18/2015,2015,1,18,Sun,0
1/19/2015,2015,1,19,Mon,0
1/20/2015,2015,1,20,Tue,1
1/21/2015,2015,1,21,Wed,1
1/22/2015,2015,1,22,Thu,1
1/23/2015,2015,1,23,Fri,1
1/24/2015,2015,1,24,Sat,0
1/25/2015,2015,1,25,Sun,0
1/26/2015,2015,1,26,Mon,1
1/27/2015,2015,1,27,Tue,1
1/28/2015,2015,1,28,Wed,1
1/29/2015,2015,1,29,Thu,1
1/30/2015,2015,1,30,Fri,1
1/31/2015,2015,1,31,Sat,0
2/1/2015,2015,2,1,Sun,0
2/2/2015,2015,2,2,Mon,1
2/3/2015,2015,2,3,Tue,1
2/4/2015,2015,2,4,Wed,1
2/5/2015,2015,2,5,Thu,1
2/6/2015,2015,2,6,Fri,1
2/7/2015,2015,2,7,Sat,0
2/8/2015,2015,2,8,Sun,0
2/9/2015,2015,2,9,Mon,1
2/10/2015,2015,2,10,Tue,1
2/11/2015,2015,2,11,Wed,1
2/12/2015,2015,2,12,Thu,1
2/13/2015,2015,2,13,Fri,1
2/14/2015,2015,2,14,Sat,0
2/15/2015,2015,2,15,Sun,0
2/16/2015,2015,2,16,Mon,0
2/17/2015,2015,2,17,Tue,1
2/18/2015,2015,2,18,Wed,1
2/19/2015,2015,2,19,Thu,1
2/20/2015,2015,2,20,Fri,1
2/21/2015,2015,2,21,Sat,0
2/22/2015,2015,2,22,Sun,0
2/23/2015,2015,2,23,Mon,1
2/24/2015,2015,2,24,Tue,1
2/25/2015,2015,2,25,Wed,1
2/26/2015,2015,2,26,Thu,1
2/27/2015,2015,2,27,Fri,1
2/28/2015,2015,2,28,Sat,0
3/1/2015,2015,3,1,Sun,0
3/2/2015,2015,3,2,Mon,1
3/3/2015,2015,3,3,Tue,1
3/4/2015,2015,3,4,Wed,1
3/5/2015,2015,3,5,Thu,1
3/6/2015,2015,3,6,Fri,1
3/7/2015,2015,3,7,Sat,0
3/8/2015,2015,3,8,Sun,0
3/9/2015,2015,3,9,Mon,1
3/10/2015,2015,3,10,Tue,1
3/11/2015,2015,3,11,Wed,1
3/12/2015,2015,3,12,Thu,1
3/13/2015,2015,3,13,Fri,1
3/14/2015,2015,3,14,Sat,0
3/15/2015,2015,3,15,Sun,0
3/16/2015,2015,3,16,Mon,1
3/17/2015,2015,3,17,Tue,1
3/18/2015,2015,3,18,Wed,1
3/19/2015,2015,3,19,Thu,1
3/20/2015,2015,3,20,Fri,1
3/21/2015,2015,3,21,Sat,0
3/22/2015,2015,3,22,Sun,0
3/23/2015,2015,3,23,Mon,1
3/24/2015,2015,3,24,Tue,1
3/25/2015,2015,3,25,Wed,1
3/26/2015,2015,3,26,Thu,1
3/27/2015,2015,3,27,Fri,1
3/28/2015,2015,3,28,Sat,0
3/29/2015,2015,3,29,Sun,0
3/30/2015,2015,3,30,Mon,1
3/31/2015,2015,3,31,Tue,1
4/1/2015,2015,4,1,Wed,1
4/2/2015,2015,4,2,Thu,1
4/3/2015,2015,4,3,Fri,0
4/4/2015,2015,4,4,Sat,0
4/5/2015,2015,4,5,Sun,0
4/6/2015,2015,4,6,Mon,1
4/7/2015,2015,4,7,Tue,1
4/8/2015,2015,4,8,Wed,1
4/9/2015,2015,4,9,Thu,1
4/10/2015,2015,4,10,Fri,1
4/11/2015,2015,4,11,Sat,0
4/12/2015,2015,4,12,Sun,0
4/13/2015,2015,4,13,Mon,1
4/14/2015,2015,4,14,Tue,1
4/15/2015,2015,4,15,Wed,1
4/16/2015,2015,4,16,Thu,1
4/17/2015,2015,4,17,Fri,1
4/18/2015,2015,4,18,Sat,0
4/19/2015,2015,4,19,Sun,0
4/20/2015,2015,4,20,Mon,1
4/21/2015,2015,4,21,Tue,1
4/22/2015,2015,4,22,Wed,1
4/23/2015,2015,4,23,Thu,1
4/24/2015,2015,4,24,Fri,1
4/25/2015,2015,4,25,Sat,0
4/26/2015,2015,4,26,Sun,0
4/27/2015,2015,4,27,Mon,1
4/28/2015,2015,4,28,Tue,1
4/29/2015,2015,4,29,Wed,1
4/30/2015,2015,4,30,Thu,1
5/1/2015,2015,5,1,Fri,1
5/2/2015,2015,5,2,Sat,0
5/3/2015,2015,5,3,Sun,0
5/4/2015,2015,5,4,Mon,1
5/5/2015,2015,5,5,Tue,1
5/6/2015,2015,5,6,Wed,1
5/7/2015,2015,5,7,Thu,1
5/8/2015,2015,5,8,Fri,1
5/9/2015,2015,5,9,Sat,0
5/10/2015,2015,5,10,Sun,0
5/11/2015,2015,5,11,Mon,1
5/12/2015,2015,5,12,Tue,1
5/13/2015,2015,5,13,Wed,1
5/14/2015,2015,5,14,Thu,1
5/15/2015,2015,5,15,Fri,1
5/16/2015,2015,5,16,Sat,0
5/17/2015,2015,5,17,Sun,0
5/18/2015,2015,5,18,Mon,1
5/19/2015,2015,5,19,Tue,1
5/20/2015,2015,5,20,Wed,1
5/21/2015,2015,5,21,Thu,1
5/22/2015,2015,5,22,Fri,1
5/23/2015,2015,5,23,Sat,0
5/24/2015,2015,5,24,Sun,0
5/25/2015,2015,5,25,Mon,0
5/26/2015,2015,5,26,Tue,1
5/27/2015,2015,5,27,Wed,1
5/28/2015,2015,5,28,Thu,1
5/29/2015,2015,5,29,Fri,1
5/30/2015,2015,5,30,Sat,0
5/31/2015,2015,5,31,Sun,0
6/1/2015,2015,6,1,Mon,1
6/2/2015,2015,6,2,Tue,1
6/3/2015,2015,6,3,Wed,1
6/4/2015,2015,6,4,Thu,1
6/5/2015,2015,6,5,Fri,1
6/6/2015,2015,6,6,Sat,0
6/7/2015,2015,6,7,Sun,0
6/8/2015,2015,6,8,Mon,1
6/9/2015,2015,6,9,Tue,1
6/10/2015,2015,6,10,Wed,1
6/11/2015,2015,6,11,Thu,1
6/12/2015,2015,6,12,Fri,1
6/13/2015,2015,6,13,Sat,0
6/14/2015,2015,6,14,Sun,0
6/15/2015,2015,6,15,Mon,1
6/16/2015,2015,6,16,Tue,1
6/17/2015,2015,6,17,Wed,1
6/18/2015,2015,6,18,Thu,1
6/19/2015,2015,6,19,Fri,1
6/20/2015,2015,6,20,Sat,0
6/21/2015,2015,6,21,Sun,0
6/22/2015,2015,6,22,Mon,1
6/23/2015,2015,6,23,Tue,1
6/24/2015,2015,6,24,Wed,1
6/25/2015,2015,6,25,Thu,1
6/26/2015,2015,6,26,Fri,1
6/27/2015,2015,6,27,Sat,0
6/28/2015,2015,6,28,Sun,0
6/29/2015,2015,6,29,Mon,1
6/30/2015,2015,6,30,Tue,1
7/1/2015,2015,7,1,Wed,1
7/2/2015,2015,7,2,Thu,1
7/3/2015,2015,7,3,Fri,0
7/4/2015,2015,7,4,Sat,0
7/5/2015,2015,7,5,Sun,0
7/6/2015,2015,7,6,Mon,1
7/7/2015,2015,7,7,Tue,1
7/8/2015,2015,7,8,Wed,1
7/9/2015,2015,7,9,Thu,1
7/10/2015,2015,7,10,Fri,1
7/11/2015,2015,7,11,Sat,0
7/12/2015,2015,7,12,Sun,0
7/13/2015,2015,7,13,Mon,1
7/14/2015,2015,7,14,Tue,1
7/15/2015,2015,7,15,Wed,1
7/16/2015,2015,7,16,Thu,1
7/17/2015,2015,7,17,Fri,1
7/18/2015,2015,7,18,Sat,0
7/19/2015,2015,7,19,Sun,0
7/20/2015,2015,7,20,Mon,1
7/21/2015,2015,7,21,Tue,1
7/22/2015,2015,7,22,Wed,1
7/23/2015,2015,7,23,Thu,1
7/24/2015,2015,7,24,Fri,1
7/25/2015,2015,7,25,Sat,0
7/26/2015,2015,7,26,Sun,0
7/27/2015,2015,7,27,Mon,1
7/28/2015,2015,7,28,Tue,1
7/29/2015,2015,7,29,Wed,1
7/30/2015,2015,7,30,Thu,1
7/31/2015,2015,7,31,Fri,1
8/1/2015,2015,8,1,Sat,0
8/2/2015,2015,8,2,Sun,0
8/3/2015,2015,8,3,Mon,1
8/4/2015,2015,8,4,Tue,1
8/5/2015,2015,8,5,Wed,1
8/6/2015,2015,8,6,Thu,1
8/7/2015,2015,8,7,Fri,1
8/8/2015,2015,8,8,Sat,0
8/9/2015,2015,8,9,Sun,0
8/10/2015,2015,8,10,Mon,1
8/11/2015,2015,8,11,Tue,1
8/12/2015,2015,8,12,Wed,1
8/13/2015,2015,8,13,Thu,1
8/14/2015,2015,8,14,Fri,1
8/15/2015,2015,8,15,Sat,0
8/16/2015,2015,8,16,Sun,0
8/17/2015,2015,8,17,Mon,1
8/18/2015,2015,8,18,Tue,1
8/19/2015,2015,8,19,Wed,1
8/20/2015,2015,8,20,Thu,1
8/21/2015,2015,8,21,Fri,1
8/22/2015,2015,8,22,Sat,0
8/23/2015,2015,8,23,Sun,0
8/24/2015,2015,8,24,Mon,1
8/25/2015,2015,8,25,Tue,1
8/26/2015,2015,8,26,Wed,1
8/27/2015,2015,8,27,Thu,1
8/28/2015,2015,8,28,Fri,1
8/29/2015,2015,8,29,Sat,0
8/30/2015,2015,8,30,Sun,0
8/31/2015,2015,8,31,Mon,1
9/1/2015,2015,9,1,Tue,1
9/2/2015,2015,9,2,Wed,1
9/3/2015,2015,9,3,Thu,1
9/4/2015,2015,9,4,Fri,1
9/5/2015,2015,9,5,Sat,0
9/6/2015,2015,9,6,Sun,0
9/7/2015,2015,9,7,Mon,0
9/8/2015,2015,9,8,Tue,1
9/9/2015,2015,9,9,Wed,1
9/10/2015,2015,9,10,Thu,1
9/11/2015,2015,9,11,Fri,1
9/12/2015,2015,9,12,Sat,0
9/13/2015,2015,9,13,Sun,0
9/14/2015,2015,9,14,Mon,1
9/15/2015,2015,9,15,Tue,1
9/16/2015,2015,9,16,Wed,1
9/17/2015,2015,9,17,Thu,1
9/18/2015,2015,9,18,Fri,1
9/19/2015,2015,9,19,Sat,0
9/20/2015,2015,9,20,Sun,0
9/21/2015,2015,9,21,Mon,1
9/22/2015,2015,9,22,Tue,1
9/23/2015,2015,9,23,Wed,1
9/24/2015,2015,9,24,Thu,1
9/25/2015,2015,9,25,Fri,1
9/26/2015,2015,9,26,Sat,0
9/27/2015,2015,9,27,Sun,0
9/28/2015,2015,9,28,Mon,1
9/29/2015,2015,9,29,Tue,1
9/30/2015,2015,9,30,Wed,1
10/1/2015,2015,10,1,Thu,1
10/2/2015,2015,10,2,Fri,1
10/3/2015,2015,10,3,Sat,0
10/4/2015,2015,10,4,Sun,0
10/5/2015,2015,10,5,Mon,1
10/6/2015,2015,10,6,Tue,1
10/7/2015,2015,10,7,Wed,1
10/8/2015,2015,10,8,Thu,1
10/9/2015,2015,10,9,Fri,1
10/10/2015,2015,10,10,Sat,0
10/11/2015,2015,10,11,Sun,0
10/12/2015,2015,10,12,Mon,1
10/13/2015,2015,10,13,Tue,1
10/14/2015,2015,10,14,Wed,1
10/15/2015,2015,10,15,Thu,1
10/16/2015,2015,10,16,Fri,1
10/17/2015,2015,10,17,Sat,0
10/18/2015,2015,10,18,Sun,0
10/19/2015,2015,10,19,Mon,1
10/20/2015,2015,10,20,Tue,1
10/21/2015,2015,10,21,Wed,1
10/22/2015,2015,10,22,Thu,1
10/23/2015,2015,10,23,Fri,1
10/24/2015,2015,10,24,Sat,0
10/25/2015,2015,10,25,Sun,0
10/26/2015,2015,10,26,Mon,1
10/27/2015,2015,10,27,Tue,1
10/28/2015,2015,10,28,Wed,1
10/29/2015,2015,10,29,Thu,1
10/30/2015,2015,10,30,Fri,1
10/31/2015,2015,10,31,Sat,0
11/1/2015,2015,11,1,Sun,0
11/2/2015,2015,11,2,Mon,1
11/3/2015,2015,11,3,Tue,1
11/4/2015,2015,11,4,Wed,1
11/5/2015,2015,11,5,Thu,1
11/6/2015,2015,11,6,Fri,1
11/7/2015,2015,11,7,Sat,0
11/8/2015,2015,11,8,Sun,0
11/9/2015,2015,11,9,Mon,1
11/10/2015,2015,11,10,Tue,1
11/11/2015,2015,11,11,Wed,1
11/12/2015,2015,11,12,Thu,1
11/13/2015,2015,11,13,Fri,1
11/14/2015,2015,11,14,Sat,0
11/15/2015,2015,11,15,Sun,0
11/16/2015,2015,11,16,Mon,1
11/17/2015,2015,11,17,Tue,1
11/18/2015,2015,11,18,Wed,1
11/19/2015,2015,11,19,Thu,1
11/20/2015,2015,11,20,Fri,1
11/21/2015,2015,11,21,Sat,0
11/22/2015,2015,11,22,Sun,0
11/23/2015,2015,11,23,Mon,1
11/24/2015,2015,11,24,Tue,1
11/25/2015,2015,11,25,Wed,1
11/26/2015,2015,11,26,Thu,0
11/27/2015,2015,11,27,Fri,1
11/28/2015,2015,11,28,Sat,0
11/29/2015,2015,11,29,Sun,0
11/30/2015,2015,11,30,Mon,1
12/1/2015,2015,12,1,Tue,1
12/2/2015,2015,12,2,Wed,1
12/3/2015,2015,12,3,Thu,1
12/4/2015,2015,12,4,Fri,1
12/5/2015,2015,12,5,Sat,0
12/6/2015,2015,12,6,Sun,0
12/7/2015,2015,12,7,Mon,1
12/8/2015,2015,12,8,Tue,1
12/9/2015,2015,12,9,Wed,1
12/10/2015,2015,12,10,Thu,1
12/11/2015,2015,12,11,Fri,1
12/12/2015,2015,12,12,Sat,0
12/13/2015,2015,12,13,Sun,0
12/14/2015,2015,12,14,Mon,1
12/15/2015,2015,12,15,Tue,1
12/16/2015,2015,12,16,Wed,1
12/17/2015,2015,12,17,Thu,1
12/18/2015,2015,12,18,Fri,1
12/19/2015,2015,12,19,Sat,0
12/20/2015,2015,12,20,Sun,0
12/21/2015,2015,12,21,Mon,1
12/22/2015,2015,12,22,Tue,1
12/23/2015,2015,12,23,Wed,1
12/24/2015,2015,12,24,Thu,1
12/25/2015,2015,12,25,Fri,0
12/26/2015,2015,12,26,Sat,0
12/27/2015,2015,12,27,Sun,0
12/28/2015,2015,12,28,Mon,1
12/29/2015,2015,12,29,Tue,1
12/30/2015,2015,12,30,Wed,1
12/31/2015,2015,12,31,Thu,1
1/1/2016,2016,1,1,Fri,0
1/2/2016,2016,1,2,Sat,0
1/3/2016,2016,1,3,Sun,0
1/4/2016,2016,1,4,Mon,1
1/5/2016,2016,1,5,Tue,1
1/6/2016,2016,1,6,Wed,1
1/7/2016,2016,1,7,Thu,1
1/8/2016,2016,1,8,Fri,1
1/9/2016,2016,1,9,Sat,0
1/10/2016,2016,1,10,Sun,0
1/11/2016,2016,1,11,Mon,1
1/12/2016,2016,1,12,Tue,1
1/13/2016,2016,1,13,Wed,1
1/14/2016,2016,1,14,Thu,1
1/15/2016,2016,1,15,Fri,1
1/16/2016,2016,1,16,Sat,0
1/17/2016,2016,1,17,Sun,0
1/18/2016,2016,1,18,Mon,0
1/19/2016,2016,1,19,Tue,1
1/20/2016,2016,1,20,Wed,1
1/21/2016,2016,1,21,Thu,1
1/22/2016,2016,1,22,Fri,1
1/23/2016,2016,1,23,Sat,0
1/24/2016,2016,1,24,Sun,0
1/25/2016,2016,1,25,Mon,1
1/26/2016,2016,1,26,Tue,1
1/27/2016,2016,1,27,Wed,1
1/28/2016,2016,1,28,Thu,1
1/29/2016,2016,1,29,Fri,1
1/30/2016,2016,1,30,Sat,0
1/31/2016,2016,1,31,Sun,0
2/1/2016,2016,2,1,Mon,1
2/2/2016,2016,2,2,Tue,1
2/3/2016,2016,2,3,Wed,1
2/4/2016,2016,2,4,Thu,1
2/5/2016,2016,2,5,Fri,1
2/6/2016,2016,2,6,Sat,0
2/7/2016,2016,2,7,Sun,0
2/8/2016,2016,2,8,Mon,1
2/9/2016,2016,2,9,Tue,1
2/10/2016,2016,2,10,Wed,1
2/11/2016,2016,2,11,Thu,1
2/12/2016,2016,2,12,Fri,1
2/13/2016,2016,2,13,Sat,0
2/14/2016,2016,2,14,Sun,0
2/15/2016,2016,2,15,Mon,0
2/16/2016,2016,2,16,Tue,1
2/17/2016,2016,2,17,Wed,1
2/18/2016,2016,2,18,Thu,1
2/19/2016,2016,2,19,Fri,1
2/20/2016,2016,2,20,Sat,0
2/21/2016,2016,2,21,Sun,0
2/22/2016,2016,2,22,Mon,1
2/23/2016,2016,2,23,Tue,1
2/24/2016,2016,2,24,Wed,1
2/25/2016,2016,2,25,Thu,1
2/26/2016,2016,2,26,Fri,1
2/27/2016,2016,2,27,Sat,0
2/28/2016,2016,2,28,Sun,0
2/29/2016,2016,2,29,Mon,1
3/1/2016,2016,3,1,Tue,1
3/2/2016,2016,3,2,Wed,1
3/3/2016,2016,3,3,Thu,1
3/4/2016,2016,3,4,Fri,1
3/5/2016,2016,3,5,Sat,0
3/6/2016,2016,3,6,Sun,0
3/7/2016,2016,3,7,Mon,1
3/8/2016,2016,3,8,Tue,1
3/9/2016,2016,3,9,Wed,1
3/10/2016,2016,3,10,Thu,1
3/11/2016,2016,3,11,Fri,1
3/12/2016,2016,3,12,Sat,0
3/13/2016,2016,3,13,Sun,0
3/14/2016,2016,3,14,Mon,1
3/15/2016,2016,3,15,Tue,1
3/16/2016,2016,3,16,Wed,1
3/17/2016,2016,3,17,Thu,1
3/18/2016,2016,3,18,Fri,1
3/19/2016,2016,3,19,Sat,0
3/20/2016,2016,3,20,Sun,0
3/21/2016,2016,3,21,Mon,1
3/22/2016,2016,3,22,Tue,1
3/23/2016,2016,3,23,Wed,1
3/24/2016,2016,3,24,Thu,1
3/25/2016,2016,3,25,Fri,0
3/26/2016,2016,3,26,Sat,0
3/27/2016,2016,3,27,Sun,0
3/28/2016,2016,3,28,Mon,1
3/29/2016,2016,3,29,Tue,1
3/30/2016,2016,3,30,Wed,1
3/31/2016,2016,3,31,Thu,1
4/1/2016,2016,4,1,Fri,1
4/2/2016,2016,4,2,Sat,0
4/3/2016,2016,4,3,Sun,0
4/4/2016,2016,4,4,Mon,1
4/5/2016,2016,4,5,Tue,1
4/6/2016,2016,4,6,Wed,1
4/7/2016,2016,4,7,Thu,1
4/8/2016,2016,4,8,Fri,1
4/9/2016,2016,4,9,Sat,0
4/10/2016,2016,4,10,Sun,0
4/11/2016,2016,4,11,Mon,1
4/12/2016,2016,4,12,Tue,1
4/13/2016,2016,4,13,Wed,1
4/14/2016,2016,4,14,Thu,1
4/15/2016,2016,4,15,Fri,1
4/16/2016,2016,4,16,Sat,0
4/17/2016,2016,4,17,Sun,0
4/18/2016,2016,4,18,Mon,1
4/19/2016,2016,4,19,Tue,1
4/20/2016,2016,4,20,Wed,1
4/21/2016,2016,4,21,Thu,1
4/22/2016,2016,4,22,Fri,1
4/23/2016,2016,4,23,Sat,0
4/24/2016,2016,4,24,Sun,0
4/25/2016,2016,4,25,Mon,1
4/26/2016,2016,4,26,Tue,1
4/27/2016,2016,4,27,Wed,1
4/28/2016,2016,4,28,Thu,1
4/29/2016,2016,4,29,Fri,1
4/30/2016,2016,4,30,Sat,0
5/1/2016,2016,5,1,Sun,0
5/2/2016,2016,5,2,Mon,1
5/3/2016,2016,5,3,Tue,1
5/4/2016,2016,5,4,Wed,1
5/5/2016,2016,5,5,Thu,1
5/6/2016,2016,5,6,Fri,1
5/7/2016,2016,5,7,Sat,0
5/8/2016,2016,5,8,Sun,0
5/9/2016,2016,5,9,Mon,1
5/10/2016,2016,5,10,Tue,1
5/11/2016,2016,5,11,Wed,1
5/12/2016,2016,5,12,Thu,1
5/13/2016,2016,5,13,Fri,1
5/14/2016,2016,5,14,Sat,0
5/15/2016,2016,5,15,Sun,0
5/16/2016,2016,5,16,Mon,1
5/17/2016,2016,5,17,Tue,1
5/18/2016,2016,5,18,Wed,1
5/19/2016,2016,5,19,Thu,1
5/20/2016,2016,5,20,Fri,1
5/21/2016,2016,5,21,Sat,0
5/22/2016,2016,5,22,Sun,0
5/23/2016,2016,5,23,Mon,1
5/24/2016,2016,5,24,Tue,1
5/25/2016,2016,5,25,Wed,1
5/26/2016,2016,5,26,Thu,1
5/27/2016,2016,5,27,Fri,1
5/28/2016,2016,5,28,Sat,0
5/29/2016,2016,5,29,Sun,0
5/30/2016,2016,5,30,Mon,0
5/31/2016,2016,5,31,Tue,1
6/1/2016,2016,6,1,Wed,1
6/2/2016,2016,6,2,Thu,1
6/3/2016,2016,6,3,Fri,1
6/4/2016,2016,6,4,Sat,0
6/5/2016,2016,6,5,Sun,0
6/6/2016,2016,6,6,Mon,1
6/7/2016,2016,6,7,Tue,1
6/8/2016,2016,6,8,Wed,1
6/9/2016,2016,6,9,Thu,1
6/10/2016,2016,6,10,Fri,1
6/11/2016,2016,6,11,Sat,0
6/12/2016,2016,6,12,Sun,0
6/13/2016,2016,6,13,Mon,1
6/14/2016,2016,6,14,Tue,1
6/15/2016,2016,6,15,Wed,1
6/16/2016,2016,6,16,Thu,1
6/17/2016,2016,6,17,Fri,1
6/18/2016,2016,6,18,Sat,0
6/19/2016,2016,6,19,Sun,0
6/20/2016,2016,6,20,Mon,1
6/21/2016,2016,6,21,Tue,1
6/22/2016,2016,6,22,Wed,1
6/23/2016,2016,6,23,Thu,1
6/24/2016,2016,6,24,Fri,1
6/25/2016,2016,6,25,Sat,0
6/26/2016,2016,6,26,Sun,0
6/27/2016,2016,6,27,Mon,1
6/28/2016,2016,6,28,Tue,1
6/29/2016,2016,6,29,Wed,1
6/30/2016,2016,6,30,Thu,1
7/1/2016,2016,7,1,Fri,1
7/2/2016,2016,7,2,Sat,0
7/3/2016,2016,7,3,Sun,0
7/4/2016,2016,7,4,Mon,0
7/5/2016,2016,7,5,Tue,1
7/6/2016,2016,7,6,Wed,1
7/7/2016,2016,7,7,Thu,1
7/8/2016,2016,7,8,Fri,1
7/9/2016,2016,7,9,Sat,0
7/10/2016,2016,7,10,Sun,0
7/11/2016,2016,7,11,Mon,1
7/12/2016,2016,7,12,Tue,1
7/13/2016,2016,7,13,Wed,1
7/14/2016,2016,7,14,Thu,1
7/15/2016,2016,7,15,Fri,1
7/16/2016,2016,7,16,Sat,0
7/17/2016,2016,7,17,Sun,0
7/18/2016,2016,7,18,Mon,1
7/19/2016,2016,7,19,Tue,1
7/20/2016,2016,7,20,Wed,1
7/21/2016,2016,7,21,Thu,1
7/22/2016,2016,7,22,Fri,1
7/23/2016,2016,7,23,Sat,0
7/24/2016,2016,7,24,Sun,0
7/25/2016,2016,7,25,Mon,1
7/26/2016,2016,7,26,Tue,1
7/27/2016,2016,7,27,Wed,1
7/28/2016,2016,7,28,Thu,1
7/29/2016,2016,7,29,Fri,1
7/30/2016,2016,7,30,Sat,0
7/31/2016,2016,7,31,Sun,0
8/1/2016,2016,8,1,Mon,1
8/2/2016,2016,8,2,Tue,1
8/3/2016,2016,8,3,Wed,1
8/4/2016,2016,8,4,Thu,1
8/5/2016,2016,8,5,Fri,1
8/6/2016,2016,8,6,Sat,0
8/7/2016,2016,8,7,Sun,0
8/8/2016,2016,8,8,Mon,1
8/9/2016,2016,8,9,Tue,1
8/10/2016,2016,8,10,Wed,1
8/11/2016,2016,8,11,Thu,1
8/12/2016,2016,8,12,Fri,1
8/13/2016,2016,8,13,Sat,0
8/14/2016,2016,8,14,Sun,0
8/15/2016,2016,8,15,Mon,1
8/16/2016,2016,8,16,Tue,1
8/17/2016,2016,8,17,Wed,1
8/18/2016,2016,8,18,Thu,1
8/19/2016,2016,8,19,Fri,1
8/20/2016,2016,8,20,Sat,0
8/21/2016,2016,8,21,Sun,0
8/22/2016,2016,8,22,Mon,1
8/23/2016,2016,8,23,Tue,1
8/24/2016,2016,8,24,Wed,1
8/25/2016,2016,8,25,Thu,1
8/26/2016,2016,8,26,Fri,1
8/27/2016,2016,8,27,Sat,0
8/28/2016,2016,8,28,Sun,0
8/29/2016,2016,8,29,Mon,1
8/30/2016,2016,8,30,Tue,1
8/31/2016,2016,8,31,Wed,1
9/1/2016,2016,9,1,Thu,1
9/2/2016,2016,9,2,Fri,1
9/3/2016,2016,9,3,Sat,0
9/4/2016,2016,9,4,Sun,0
9/5/2016,2016,9,5,Mon,0
9/6/2016,2016,9,6,Tue,1
9/7/2016,2016,9,7,Wed,1
9/8/2016,2016,9,8,Thu,1
9/9/2016,2016,9,9,Fri,1
9/10/2016,2016,9,10,Sat,0
9/11/2016,2016,9,11,Sun,0
9/12/2016,2016,9,12,Mon,1
9/13/2016,2016,9,13,Tue,1
9/14/2016,2016,9,14,Wed,1
9/15/2016,2016,9,15,Thu,1
9/16/2016,2016,9,16,Fri,1
9/17/2016,2016,9,17,Sat,0
9/18/2016,2016,9,18,Sun,0
9/19/2016,2016,9,19,Mon,1
9/20/2016,2016,9,20,Tue,1
9/21/2016,2016,9,21,Wed,1
9/22/2016,2016,9,22,Thu,1
9/23/2016,2016,9,23,Fri,1
9/24/2016,2016,9,24,Sat,0
9/25/2016,2016,9,25,Sun,0
9/26/2016,2016,9,26,Mon,1
9/27/2016,2016,9,27,Tue,1
9/28/2016,2016,9,28,Wed,1
9/29/2016,2016,9,29,Thu,1
9/30/2016,2016,9,30,Fri,1
10/1/2016,2016,10,1,Sat,0
10/2/2016,2016,10,2,Sun,0
10/3/2016,2016,10,3,Mon,1
10/4/2016,2016,10,4,Tue,1
10/5/2016,2016,10,5,Wed,1
10/6/2016,2016,10,6,Thu,1
10/7/2016,2016,10,7,Fri,1
10/8/2016,2016,10,8,Sat,0
10/9/2016,2016,10,9,Sun,0
10/10/2016,2016,10,10,Mon,1
10/11/2016,2016,10,11,Tue,1
10/12/2016,2016,10,12,Wed,1
10/13/2016,2016,10,13,Thu,1
10/14/2016,2016,10,14,Fri,1
10/15/2016,2016,10,15,Sat,0
10/16/2016,2016,10,16,Sun,0
10/17/2016,2016,10,17,Mon,1
10/18/2016,2016,10,18,Tue,1
10/19/2016,2016,10,19,Wed,1
10/20/2016,2016,10,20,Thu,1
10/21/2016,2016,10,21,Fri,1
10/22/2016,2016,10,22,Sat,0
10/23/2016,2016,10,23,Sun,0
10/24/2016,2016,10,24,Mon,1
10/25/2016,2016,10,25,Tue,1
10/26/2016,2016,10,26,Wed,1
10/27/2016,2016,10,27,Thu,1
10/28/2016,2016,10,28,Fri,1
10/29/2016,2016,10,29,Sat,0
10/30/2016,2016,10,30,Sun,0
10/31/2016,2016,10,31,Mon,1
11/1/2016,2016,11,1,Tue,1
11/2/2016,2016,11,2,Wed,1
11/3/2016,2016,11,3,Thu,1
11/4/2016,2016,11,4,Fri,1
11/5/2016,2016,11,5,Sat,0
11/6/2016,2016,11,6,Sun,0
11/7/2016,2016,11,7,Mon,1
11/8/2016,2016,11,8,Tue,1
11/9/2016,2016,11,9,Wed,1
11/10/2016,2016,11,10,Thu,1
11/11/2016,2016,11,11,Fri,1
11/12/2016,2016,11,12,Sat,0
11/13/2016,2016,11,13,Sun,0
11/14/2016,2016,11,14,Mon,1
11/15/2016,2016,11,15,Tue,1
11/16/2016,2016,11,16,Wed,1
11/17/2016,2016,11,17,Thu,1
11/18/2016,2016,11,18,Fri,1
11/19/2016,2016,11,19,Sat,0
11/20/2016,2016,11,20,Sun,0
11/21/2016,2016,11,21,Mon,1
11/22/2016,2016,11,22,Tue,1
11/23/2016,2016,11,23,Wed,1
11/24/2016,2016,11,24,Thu,0
11/25/2016,2016,11,25,Fri,1
11/26/2016,2016,11,26,Sat,0
11/27/2016,2016,11,27,Sun,0
11/28/2016,2016,11,28,Mon,1
11/29/2016,2016,11,29,Tue,1
11/30/2016,2016,11,30,Wed,1
12/1/2016,2016,12,1,Thu,1
12/2/2016,2016,12,2,Fri,1
12/3/2016,2016,12,3,Sat,0
12/4/2016,2016,12,4,Sun,0
12/5/2016,2016,12,5,Mon,1
12/6/2016,2016,12,6,Tue,1
12/7/2016,2016,12,7,Wed,1
12/8/2016,2016,12,8,Thu,1
12/9/2016,2016,12,9,Fri,1
12/10/2016,2016,12,10,Sat,0
12/11/2016,2016,12,11,Sun,0
12/12/2016,2016,12,12,Mon,1
12/13/2016,2016,12,13,Tue,1
12/14/2016,2016,12,14,Wed,1
12/15/2016,2016,12,15,Thu,1
12/16/2016,2016,12,16,Fri,1
12/17/2016,2016,12,17,Sat,0
12/18/2016,2016,12,18,Sun,0
12/19/2016,2016,12,19,Mon,1
12/20/2016,2016,12,20,Tue,1
12/21/2016,2016,12,21,Wed,1
12/22/2016,2016,12,22,Thu,1
12/23/2016,2016,12,23,Fri,1
12/24/2016,2016,12,24,Sat,0
12/25/2016,2016,12,25,Sun,0
12/26/2016,2016,12,26,Mon,1
12/27/2016,2016,12,27,Tue,1
12/28/2016,2016,12,28,Wed,1
12/29/2016,2016,12,29,Thu,1
12/30/2016,2016,12,30,Fri,1
12/31/2016,2016,12,31,Sat,0
1/1/2017,2017,1,1,Sun,0
1/2/2017,2017,1,2,Mon,0
1/3/2017,2017,1,3,Tue,1
1/4/2017,2017,1,4,Wed,1
1/5/2017,2017,1,5,Thu,1
1/6/2017,2017,1,6,Fri,1
1/7/2017,2017,1,7,Sat,0
1/8/2017,2017,1,8,Sun,0
1/9/2017,2017,1,9,Mon,1
1/10/2017,2017,1,10,Tue,1
1/11/2017,2017,1,11,Wed,1
1/12/2017,2017,1,12,Thu,1
1/13/2017,2017,1,13,Fri,1
1/14/2017,2017,1,14,Sat,0
1/15/2017,2017,1,15,Sun,0
1/16/2017,2017,1,16,Mon,0
1/17/2017,2017,1,17,Tue,1
1/18/2017,2017,1,18,Wed,1
1/19/2017,2017,1,19,Thu,1
1/20/2017,2017,1,20,Fri,1
1/21/2017,2017,1,21,Sat,0
1/22/2017,2017,1,22,Sun,0
1/23/2017,2017,1,23,Mon,1
1/24/2017,2017,1,24,Tue,1
1/25/2017,2017,1,25,Wed,1
1/26/2017,2017,1,26,Thu,1
1/27/2017,2017,1,27,Fri,1
1/28/2017,2017,1,28,Sat,0
1/29/2017,2017,1,29,Sun,0
1/30/2017,2017,1,30,Mon,1
1/31/2017,2017,1,31,Tue,1
2/1/2017,2017,2,1,Wed,1
2/2/2017,2017,2,2,Thu,1
2/3/2017,2017,2,3,Fri,1
2/4/2017,2017,2,4,Sat,0
2/5/2017,2017,2,5,Sun,0
2/6/2017,2017,2,6,Mon,1
2/7/2017,2017,2,7,Tue,1
2/8/2017,2017,2,8,Wed,1
2/9/2017,2017,2,9,Thu,1
2/10/2017,2017,2,10,Fri,1
2/11/2017,2017,2,11,Sat,0
2/12/2017,2017,2,12,Sun,0
2/13/2017,2017,2,13,Mon,1
2/14/2017,2017,2,14,Tue,1
2/15/2017,2017,2,15,Wed,1
2/16/2017,2017,2,16,Thu,1
2/17/2017,2017,2,17,Fri,1
2/18/2017,2017,2,18,Sat,0
2/19/2017,2017,2,19,Sun,0
2/20/2017,2017,2,20,Mon,0
2/21/2017,2017,2,21,Tue,1
2/22/2017,2017,2,22,Wed,1
2/23/2017,2017,2,23,Thu,1
2/24/2017,2017,2,24,Fri,1
2/25/2017,2017,2,25,Sat,0
2/26/2017,2017,2,26,Sun,0
2/27/2017,2017,2,27,Mon,1
2/28/2017,2017,2,28,Tue,1
3/1/2017,2017,3,1,Wed,1
3/2/2017,2017,3,2,Thu,1
3/3/2017,2017,3,3,Fri,1
3/4/2017,2017,3,4,Sat,0
3/5/2017,2017,3,5,Sun,0
3/6/2017,2017,3,6,Mon,1
3/7/2017,2017,3,7,Tue,1
3/8/2017,2017,3,8,Wed,1
3/9/2017,2017,3,9,Thu,1
3/10/2017,2017,3,10,Fri,1
3/11/2017,2017,3,11,Sat,0
3/12/2017,2017,3,12,Sun,0
3/13/2017,2017,3,13,Mon,1
3/14/2017,2017,3,14,Tue,1
3/15/2017,2017,3,15,Wed,1
3/16/2017,2017,3,16,Thu,1
3/17/2017,2017,3,17,Fri,1
3/18/2017,2017,3,18,Sat,0
3/19/2017,2017,3,19,Sun,0
3/20/2017,2017,3,20,Mon,1
3/21/2017,2017,3,21,Tue,1
3/22/2017,2017,3,22,Wed,1
3/23/2017,2017,3,23,Thu,1
3/24/2017,2017,3,24,Fri,1
3/25/2017,2017,3,25,Sat,0
3/26/2017,2017,3,26,Sun,0
3/27/2017,2017,3,27,Mon,1
3/28/2017,2017,3,28,Tue,1
3/29/2017,2017,3,29,Wed,1
3/30/2017,2017,3,30,Thu,1
3/31/2017,2017,3,31,Fri,1
4/1/2017,2017,4,1,Sat,0
4/2/2017,2017,4,2,Sun,0
4/3/2017,2017,4,3,Mon,1
4/4/2017,2017,4,4,Tue,1
4/5/2017,2017,4,5,Wed,1
4/6/2017,2017,4,6,Thu,1
4/7/2017,2017,4,7,Fri,1
4/8/2017,2017,4,8,Sat,0
4/9/2017,2017,4,9,Sun,0
4/10/2017,2017,4,10,Mon,1
4/11/2017,2017,4,11,Tue,1
4/12/2017,2017,4,12,Wed,1
4/13/2017,2017,4,13,Thu,1
4/14/2017,2017,4,14,Fri,0
4/15/2017,2017,4,15,Sat,0
4/16/2017,2017,4,16,Sun,0
4/17/2017,2017,4,17,Mon,1
4/18/2017,2017,4,18,Tue,1
4/19/2017,2017,4,19,Wed,1
4/20/2017,2017,4,20,Thu,1
4/21/2017,2017,4,21,Fri,1
4/22/2017,2017,4,22,Sat,0
4/23/2017,2017,4,23,Sun,0
4/24/2017,2017,4,24,Mon,1
4/25/2017,2017,4,25,Tue,1
4/26/2017,2017,4,26,Wed,1
4/27/2017,2017,4,27,Thu,1
4/28/2017,2017,4,28,Fri,1
4/29/2017,2017,4,29,Sat,0
4/30/2017,2017,4,30,Sun,0
5/1/2017,2017,5,1,Mon,1
5/2/2017,2017,5,2,Tue,1
5/3/2017,2017,5,3,Wed,1
5/4/2017,2017,5,4,Thu,1
5/5/2017,2017,5,5,Fri,1
5/6/2017,2017,5,6,Sat,0
5/7/2017,2017,5,7,Sun,0
5/8/2017,2017,5,8,Mon,1
5/9/2017,2017,5,9,Tue,1
5/10/2017,2017,5,10,Wed,1
5/11/2017,2017,5,11,Thu,1
5/12/2017,2017,5,12,Fri,1
5/13/2017,2017,5,13,Sat,0
5/14/2017,2017,5,14,Sun,0
5/15/2017,2017,5,15,Mon,1
5/16/2017,2017,5,16,Tue,1
5/17/2017,2017,5,17,Wed,1
5/18/2017,2017,5,18,Thu,1
5/19/2017,2017,5,19,Fri,1
5/20/2017,2017,5,20,Sat,0
5/21/2017,2017,5,21,Sun,0
5/22/2017,2017,5,22,Mon,1
5/23/2017,2017,5,23,Tue,1
5/24/2017,2017,5,24,Wed,1
5/25/2017,2017,5,25,Thu,1
5/26/2017,2017,5,26,Fri,1
5/27/2017,2017,5,27,Sat,0
5/28/2017,2017,5,28,Sun,0
5/29/2017,2017,5,29,Mon,0
5/30/2017,2017,5,30,Tue,1
5/31/2017,2017,5,31,Wed,1
6/1/2017,2017,6,1,Thu,1
6/2/2017,2017,6,2,Fri,1
6/3/2017,2017,6,3,Sat,0
6/4/2017,2017,6,4,Sun,0
6/5/2017,2017,6,5,Mon,1
6/6/2017,2017,6,6,Tue,1
6/7/2017,2017,6,7,Wed,1
6/8/2017,2017,6,8,Thu,1
6/9/2017,2017,6,9,Fri,1
6/10/2017,2017,6,10,Sat,0
6/11/2017,2017,6,11,Sun,0
6/12/2017,2017,6,12,Mon,1
6/13/2017,2017,6,13,Tue,1
6/14/2017,2017,6,14,Wed,1
6/15/2017,2017,6,15,Thu,1
6/16/2017,2017,6,16,Fri,1
6/17/2017,2017,6,17,Sat,0
6/18/2017,2017,6,18,Sun,0
6/19/2017,2017,6,19,Mon,1
6/20/2017,2017,6,20,Tue,1
6/21/2017,2017,6,21,Wed,1
6/22/2017,2017,6,22,Thu,1
6/23/2017,2017,6,23,Fri,1
6/24/2017,2017,6,24,Sat,0
6/25/2017,2017,6,25,Sun,0
6/26/2017,2017,6,26,Mon,1
6/27/2017,2017,6,27,Tue,1
6/28/2017,2017,6,28,Wed,1
6/29/2017,2017,6,29,Thu,1
6/30/2017,2017,6,30,Fri,1
7/1/2017,2017,7,1,Sat,0
7/2/2017,2017,7,2,Sun,0
7/3/2017,2017,7,3,Mon,1
7/4/2017,2017,7,4,Tue,0
7/5/2017,2017,7,5,Wed,1
7/6/2017,2017,7,6,Thu,1
7/7/2017,2017,7,7,Fri,1
7/8/2017,2017,7,8,Sat,0
7/9/2017,2017,7,9,Sun,0
7/10/2017,2017,7,10,Mon,1
7/11/2017,2017,7,11,Tue,1
7/12/2017,2017,7,12,Wed,1
7/13/2017,2017,7,13,Thu,1
7/14/2017,2017,7,14,Fri,1
7/15/2017,2017,7,15,Sat,0
7/16/2017,2017,7,16,Sun,0
7/17/2017,2017,7,17,Mon,1
7/18/2017,2017,7,18,Tue,1
7/19/2017,2017,7,19,Wed,1
7/20/2017,2017,7,20,Thu,1
7/21/2017,2017,7,21,Fri,1
7/22/2017,2017,7,22,Sat,0
7/23/2017,2017,7,23,Sun,0
7/24/2017,2017,7,24,Mon,1
7/25/2017,2017,7,25,Tue,1
7/26/2017,2017,7,26,Wed,1
7/27/2017,2017,7,27,Thu,1
7/28/2017,2017,7,28,Fri,1
7/29/2017,2017,7,29,Sat,0
7/30/2017,2017,7,30,Sun,0
7/31/2017,2017,7,31,Mon,1
8/1/2017,2017,8,1,Tue,1
8/2/2017,2017,8,2,Wed,1
8/3/2017,2017,8,3,Thu,1
8/4/2017,2017,8,4,Fri,1
8/5/2017,2017,8,5,Sat,0
8/6/2017,2017,8,6,Sun,0
8/7/2017,2017,8,7,Mon,1
8/8/2017,2017,8,8,Tue,1
8/9/2017,2017,8,9,Wed,1
8/10/2017,2017,8,10,Thu,1
8/11/2017,2017,8,11,Fri,1
8/12/2017,2017,8,12,Sat,0
8/13/2017,2017,8,13,Sun,0
8/14/2017,2017,8,14,Mon,1
8/15/2017,2017,8,15,Tue,1
8/16/2017,2017,8,16,Wed,1
8/17/2017,2017,8,17,Thu,1
8/18/2017,2017,8,18,Fri,1
8/19/2017,2017,8,19,Sat,0
8/20/2017,2017,8,20,Sun,0
8/21/2017,2017,8,21,Mon,1
8/22/2017,2017,8,22,Tue,1
8/23/2017,2017,8,23,Wed,1
8/24/2017,2017,8,24,Thu,1
8/25/2017,2017,8,25,Fri,1
8/26/2017,2017,8,26,Sat,0
8/27/2017,2017,8,27,Sun,0
8/28/2017,2017,8,28,Mon,1
8/29/2017,2017,8,29,Tue,1
8/30/2017,2017,8,30,Wed,1
8/31/2017,2017,8,31,Thu,1
9/1/2017,2017,9,1,Fri,1
9/2/2017,2017,9,2,Sat,0
9/3/2017,2017,9,3,Sun,0
9/4/2017,2017,9,4,Mon,0
9/5/2017,2017,9,5,Tue,1
9/6/2017,2017,9,6,Wed,1
9/7/2017,2017,9,7,Thu,1
9/8/2017,2017,9,8,Fri,1
9/9/2017,2017,9,9,Sat,0
9/10/2017,2017,9,10,Sun,0
9/11/2017,2017,9,11,Mon,1
9/12/2017,2017,9,12,Tue,1
9/13/2017,2017,9,13,Wed,1
9/14/2017,2017,9,14,Thu,1
9/15/2017,2017,9,15,Fri,1
9/16/2017,2017,9,16,Sat,0
9/17/2017,2017,9,17,Sun,0
9/18/2017,2017,9,18,Mon,1
9/19/2017,2017,9,19,Tue,1
9/20/2017,2017,9,20,Wed,1
9/21/2017,2017,9,21,Thu,1
9/22/2017,2017,9,22,Fri,1
9/23/2017,2017,9,23,Sat,0
9/24/2017,2017,9,24,Sun,0
9/25/2017,2017,9,25,Mon,1
9/26/2017,2017,9,26,Tue,1
9/27/2017,2017,9,27,Wed,1
9/28/2017,2017,9,28,Thu,1
9/29/2017,2017,9,29,Fri,1
9/30/2017,2017,9,30,Sat,0
10/1/2017,2017,10,1,Sun,0
10/2/2017,2017,10,2,Mon,1
10/3/2017,2017,10,3,Tue,1
10/4/2017,2017,10,4,Wed,1
10/5/2017,2017,10,5,Thu,1
10/6/2017,2017,10,6,Fri,1
10/7/2017,2017,10,7,Sat,0
10/8/2017,2017,10,8,Sun,0
10/9/2017,2017,10,9,Mon,1
10/10/2017,2017,10,10,Tue,1
10/11/2017,2017,10,11,Wed,1
10/12/2017,2017,10,12,Thu,1
10/13/2017,2017,10,13,Fri,1
10/14/2017,2017,10,14,Sat,0
10/15/2017,2017,10,15,Sun,0
10/16/2017,2017,10,16,Mon,1
10/17/2017,2017,10,17,Tue,1
10/18/2017,2017,10,18,Wed,1
10/19/2017,2017,10,19,Thu,1
10/20/2017,2017,10,20,Fri,1
10/21/2017,2017,10,21,Sat,0
10/22/2017,2017,10,22,Sun,0
10/23/2017,2017,10,23,Mon,1
10/24/2017,2017,10,24,Tue,1
10/25/2017,2017,10,25,Wed,1
10/26/2017,2017,10,26,Thu,1
10/27/2017,2017,10,27,Fri,1
10/28/2017,2017,10,28,Sat,0
10/29/2017,2017,10,29,Sun,0
10/30/2017,2017,10,30,Mon,1
10/31/2017,2017,10,31,Tue,1
11/1/2017,2017,11,1,Wed,1
11/2/2017,2017,11,2,Thu,1
11/3/2017,2017,11,3,Fri,1
11/4/2017,2017,11,4,Sat,0
11/5/2017,2017,11,5,Sun,0
11/6/2017,2017,11,6,Mon,1
11/7/2017,2017,11,7,Tue,1
11/8/2017,2017,11,8,Wed,1
11/9/2017,2017,11,9,Thu,1
11/10/2017,2017,11,10,Fri,1
11/11/2017,2017,11,11,Sat,0
11/12/2017,2017,11,12,Sun,0
11/13/2017,2017,11,13,Mon,1
11/14/2017,2017,11,14,Tue,1
11/15/2017,2017,11,15,Wed,1
11/16/2017,2017,11,16,Thu,1
11/17/2017,2017,11,17,Fri,1
11/18/2017,2017,11,18,Sat,0
11/19/2017,2017,11,19,Sun,0
11/20/2017,2017,11,20,Mon,1
11/21/2017,2017,11,21,Tue,1
11/22/2017,2017,11,22,Wed,1
11/23/2017,2017,11,23,Thu,0
11/24/2017,2017,11,24,Fri,1
11/25/2017,2017,11,25,Sat,0
11/26/2017,2017,11,26,Sun,0
11/27/2017,2017,11,27,Mon,1
11/28/2017,2017,11,28,Tue,1
11/29/2017,2017,11,29,Wed,1
11/30/2017,2017,11,30,Thu,1
12/1/2017,2017,12,1,Fri,1
12/2/2017,2017,12,2,Sat,0
12/3/2017,2017,12,3,Sun,0
12/4/2017,2017,12,4,Mon,1
12/5/2017,2017,12,5,Tue,1
12/6/2017,2017,12,6,Wed,1
12/7/2017,2017,12,7,Thu,1
12/8/2017,2017,12,8,Fri,1
12/9/2017,2017,12,9,Sat,0
12/10/2017,2017,12,10,Sun,0
12/11/2017,2017,12,11,Mon,1
12/12/2017,2017,12,12,Tue,1
12/13/2017,2017,12,13,Wed,1
12/14/2017,2017,12,14,Thu,1
12/15/2017,2017,12,15,Fri,1
12/16/2017,2017,12,16,Sat,0
12/17/2017,2017,12,17,Sun,0
12/18/2017,2017,12,18,Mon,1
12/19/2017,2017,12,19,Tue,1
12/20/2017,2017,12,20,Wed,1
12/21/2017,2017,12,21,Thu,1
12/22/2017,2017,12,22,Fri,1
12/23/2017,2017,12,23,Sat,0
12/24/2017,2017,12,24,Sun,0
12/25/2017,2017,12,25,Mon,0
12/26/2017,2017,12,26,Tue,1
12/27/2017,2017,12,27,Wed,1
12/28/2017,2017,12,28,Thu,1
12/29/2017,2017,12,29,Fri,1
12/30/2017,2017,12,30,Sat,0
12/31/2017,2017,12,31,Sun,0
1/1/2018,2018,1,1,Mon,0
1/2/2018,2018,1,2,Tue,1
1/3/2018,2018,1,3,Wed,1
1/4/2018,2018,1,4,Thu,1
1/5/2018,2018,1,5,Fri,1
1/6/2018,2018,1,6,Sat,0
1/7/2018,2018,1,7,Sun,0
1/8/2018,2018,1,8,Mon,1
1/9/2018,2018,1,9,Tue,1
1/10/2018,2018,1,10,Wed,1
1/11/2018,2018,1,11,Thu,1
1/12/2018,2018,1,12,Fri,1
1/13/2018,2018,1,13,Sat,0
1/14/2018,2018,1,14,Sun,0
1/15/2018,2018,1,15,Mon,0
1/16/2018,2018,1,16,Tue,1
1/17/2018,2018,1,17,Wed,1
1/18/2018,2018,1,18,Thu,1
1/19/2018,2018,1,19,Fri,1
1/20/2018,2018,1,20,Sat,0
1/21/2018,2018,1,21,Sun,0
1/22/2018,2018,1,22,Mon,1
1/23/2018,2018,1,23,Tue,1
1/24/2018,2018,1,24,Wed,1
1/25/2018,2018,1,25,Thu,1
1/26/2018,2018,1,26,Fri,1
1/27/2018,2018,1,27,Sat,0
1/28/2018,2018,1,28,Sun,0
1/29/2018,2018,1,29,Mon,1
1/30/2018,2018,1,30,Tue,1
1/31/2018,2018,1,31,Wed,1
2/1/2018,2018,2,1,Thu,1
2/2/2018,2018,2,2,Fri,1
2/3/2018,2018,2,3,Sat,0
2/4/2018,2018,2,4,Sun,0
2/5/2018,2018,2,5,Mon,1
2/6/2018,2018,2,6,Tue,1
2/7/2018,2018,2,7,Wed,1
2/8/2018,2018,2,8,Thu,1
2/9/2018,2018,2,9,Fri,1
2/10/2018,2018,2,10,Sat,0
2/11/2018,2018,2,11,Sun,0
2/12/2018,2018,2,12,Mon,1
2/13/2018,2018,2,13,Tue,1
2/14/2018,2018,2,14,Wed,1
2/15/2018,2018,2,15,Thu,1
2/16/2018,2018,2,16,Fri,1
2/17/2018,2018,2,17,Sat,0
2/18/2018,2018,2,18,Sun,0
2/19/2018,2018,2,19,Mon,0
2/20/2018,2018,2,20,Tue,1
2/21/2018,2018,2,21,Wed,1
2/22/2018,2018,2,22,Thu,1
2/23/2018,2018,2,23,Fri,1
2/24/2018,2018,2,24,Sat,0
2/25/2018,2018,2,25,Sun,0
2/26/2018,2018,2,26,Mon,1
2/27/2018,2018,2,27,Tue,1
2/28/2018,2018,2,28,Wed,1
3/1/2018,2018,3,1,Thu,1
3/2/2018,2018,3,2,Fri,1
3/3/2018,2018,3,3,Sat,0
3/4/2018,2018,3,4,Sun,0
3/5/2018,2018,3,5,Mon,1
3/6/2018,2018,3,6,Tue,1
3/7/2018,2018,3,7,Wed,1
3/8/2018,2018,3,8,Thu,1
3/9/2018,2018,3,9,Fri,1
3/10/2018,2018,3,10,Sat,0
3/11/2018,2018,3,11,Sun,0
3/12/2018,2018,3,12,Mon,1
3/13/2018,2018,3,13,Tue,1
3/14/2018,2018,3,14,Wed,1
3/15/2018,2018,3,15,Thu,1
3/16/2018,2018,3,16,Fri,1
3/17/2018,2018,3,17,Sat,0
3/18/2018,2018,3,18,Sun,0
3/19/2018,2018,3,19,Mon,1
3/20/2018,2018,3,20,Tue,1
3/21/2018,2018,3,21,Wed,1
3/22/2018,2018,3,22,Thu,1
3/23/2018,2018,3,23,Fri,1
3/24/2018,2018,3,24,Sat,0
3/25/2018,2018,3,25,Sun,0
3/26/2018,2018,3,26,Mon,1
3/27/2018,2018,3,27,Tue,1
